actual_treatment,variable,number_with_nonmissing_value,mean,standard_deviation,median,minimum,maximum
Placebo,age,86,75.20930232558139,8.59016712714193,76,52,89
Placebo,baseline_bmi,86,23.636046511627907,3.671925694195563,23.4,15.1,33.3
Placebo,baseline_height_cm,86,162.5732558139535,11.52236111851881,162.6,137.2,185.4
Placebo,baseline_weight_kg,86,62.759302325581395,12.77154353292531,60.55,34,86.2
Xanomeline Low Dose,age,84,75.66666666666667,8.28605059954093,77.5,51,88
Xanomeline Low Dose,baseline_bmi,83,25.06265060240964,4.270508933038809,24.3,17.7,40.1
Xanomeline Low Dose,baseline_height_cm,84,163.43333333333334,10.41924000342616,162.6,135.9,195.6
Xanomeline Low Dose,baseline_weight_kg,83,67.27951807228915,14.123598648690905,64.9,45.4,106.1
Xanomeline High Dose,age,84,74.38095238095238,7.886093848698238,76,56,88
Xanomeline High Dose,baseline_bmi,84,25.347619047619048,4.158268760198462,24.8,13.7,34.5
Xanomeline High Dose,baseline_height_cm,84,165.8202380952381,10.131351552481883,165.1,146.1,190.5
Xanomeline High Dose,baseline_weight_kg,84,70.0047619047619,14.653433371779524,69.2,41.7,108
