USUBJID,adsl_planned_treatment,adsl_actual_treatment,sdtm_planned_arm,sdtm_actual_arm,planned_treatment_match,actual_treatment_match
01-701-1181,Xanomeline High Dose,Xanomeline High Dose,Xanomeline High Dose,Xanomeline Low Dose,TRUE,FALSE
01-701-1360,Xanomeline High Dose,Xanomeline High Dose,Xanomeline High Dose,Xanomeline Low Dose,TRUE,FALSE
01-703-1403,Xanomeline High Dose,Xanomeline High Dose,Xanomeline High Dose,Xanomeline Low Dose,TRUE,FALSE
01-705-1382,Xanomeline High Dose,Xanomeline High Dose,Xanomeline High Dose,Xanomeline Low Dose,TRUE,FALSE
01-708-1213,Xanomeline High Dose,Xanomeline High Dose,Xanomeline High Dose,Xanomeline Low Dose,TRUE,FALSE
01-708-1236,Xanomeline High Dose,Xanomeline High Dose,Xanomeline High Dose,Xanomeline Low Dose,TRUE,FALSE
01-708-1372,Xanomeline High Dose,Xanomeline High Dose,Xanomeline High Dose,Xanomeline Low Dose,TRUE,FALSE
01-709-1329,Xanomeline High Dose,Xanomeline High Dose,Xanomeline High Dose,Xanomeline Low Dose,TRUE,FALSE
01-709-1424,Xanomeline High Dose,Xanomeline High Dose,Xanomeline High Dose,Xanomeline Low Dose,TRUE,FALSE
01-711-1433,Xanomeline High Dose,Xanomeline High Dose,Xanomeline High Dose,Xanomeline Low Dose,TRUE,FALSE
01-714-1425,Xanomeline High Dose,Xanomeline High Dose,Xanomeline High Dose,Xanomeline Low Dose,TRUE,FALSE
01-716-1030,Xanomeline High Dose,Xanomeline High Dose,Xanomeline High Dose,Xanomeline Low Dose,TRUE,FALSE
