USUBJID,actual_treatment,actual_treatment_code,parameter,parameter_code,analysis_time,censoring_indicator,event_description,analysis_start_date,analysis_date,source_domain,source_variable,safety_population_flag
01-701-1015,Placebo,0,Time to First Dermatologic Event,TTDE,2,0,Dematologic Event Occured,2014-01-02,2014-01-03,ADAE,ASTDT,Y
01-701-1023,Placebo,0,Time to First Dermatologic Event,TTDE,3,0,Dematologic Event Occured,2012-08-05,2012-08-07,ADAE,ASTDT,Y
01-701-1028,Xanomeline High Dose,81,Time to First Dermatologic Event,TTDE,3,0,Dematologic Event Occured,2013-07-19,2013-07-21,ADAE,ASTDT,Y
01-701-1033,Xanomeline Low Dose,54,Time to First Dermatologic Event,TTDE,28,1,Study Completion Date,2014-03-18,2014-04-14,ADSL,RFENDT,Y
01-701-1034,Xanomeline High Dose,81,Time to First Dermatologic Event,TTDE,58,0,Dematologic Event Occured,2014-07-01,2014-08-27,ADAE,ASTDT,Y
01-701-1047,Placebo,0,Time to First Dermatologic Event,TTDE,46,1,Study Completion Date,2013-02-12,2013-03-29,ADSL,RFENDT,Y
01-701-1097,Xanomeline Low Dose,54,Time to First Dermatologic Event,TTDE,3,0,Dematologic Event Occured,2014-01-01,2014-01-03,ADAE,ASTDT,Y
01-701-1111,Xanomeline Low Dose,54,Time to First Dermatologic Event,TTDE,11,1,Study Completion Date,2012-09-07,2012-09-17,ADSL,RFENDT,Y
01-701-1115,Xanomeline Low Dose,54,Time to First Dermatologic Event,TTDE,3,0,Dematologic Event Occured,2012-11-30,2012-12-02,ADAE,ASTDT,Y
01-701-1118,Placebo,0,Time to First Dermatologic Event,TTDE,182,1,Study Completion Date,2014-03-12,2014-09-09,ADSL,RFENDT,Y
01-701-1130,Placebo,0,Time to First Dermatologic Event,TTDE,97,0,Dematologic Event Occured,2014-02-15,2014-05-22,ADAE,ASTDT,Y
01-701-1133,Xanomeline High Dose,81,Time to First Dermatologic Event,TTDE,61,0,Dematologic Event Occured,2012-10-28,2012-12-27,ADAE,ASTDT,Y
01-701-1146,Xanomeline High Dose,81,Time to First Dermatologic Event,TTDE,13,0,Dematologic Event Occured,2013-05-20,2013-06-01,ADAE,ASTDT,Y
01-701-1148,Xanomeline High Dose,81,Time to First Dermatologic Event,TTDE,3,0,Dematologic Event Occured,2013-08-23,2013-08-25,ADAE,ASTDT,Y
01-701-1153,Placebo,0,Time to First Dermatologic Event,TTDE,191,1,Study Completion Date,2013-09-23,2014-04-01,ADSL,RFENDT,Y
01-701-1180,Xanomeline High Dose,81,Time to First Dermatologic Event,TTDE,36,0,Dematologic Event Occured,2013-02-12,2013-03-19,ADAE,ASTDT,Y
01-701-1181,Xanomeline High Dose,81,Time to First Dermatologic Event,TTDE,8,1,Study Completion Date,2013-12-05,2013-12-12,ADSL,RFENDT,Y
01-701-1188,Xanomeline Low Dose,54,Time to First Dermatologic Event,TTDE,2,0,Dematologic Event Occured,2013-02-15,2013-02-16,ADAE,ASTDT,Y
01-701-1192,Xanomeline Low Dose,54,Time to First Dermatologic Event,TTDE,17,0,Dematologic Event Occured,2012-07-22,2012-08-07,ADAE,ASTDT,Y
01-701-1203,Placebo,0,Time to First Dermatologic Event,TTDE,183,1,Study Completion Date,2013-02-02,2013-08-03,ADSL,RFENDT,Y
01-701-1211,Xanomeline Low Dose,54,Time to First Dermatologic Event,TTDE,2,0,Dematologic Event Occured,2012-11-15,2012-11-16,ADAE,ASTDT,Y
01-701-1234,Placebo,0,Time to First Dermatologic Event,TTDE,177,1,Study Completion Date,2013-03-30,2013-09-22,ADSL,RFENDT,Y
01-701-1239,Xanomeline High Dose,81,Time to First Dermatologic Event,TTDE,2,0,Dematologic Event Occured,2014-01-11,2014-01-12,ADAE,ASTDT,Y
01-701-1275,Xanomeline High Dose,81,Time to First Dermatologic Event,TTDE,18,0,Dematologic Event Occured,2014-02-07,2014-02-24,ADAE,ASTDT,Y
01-701-1287,Xanomeline High Dose,81,Time to First Dermatologic Event,TTDE,29,0,Dematologic Event Occured,2014-01-25,2014-02-22,ADAE,ASTDT,Y
01-701-1294,Xanomeline Low Dose,54,Time to First Dermatologic Event,TTDE,57,0,Dematologic Event Occured,2013-03-24,2013-05-19,ADAE,ASTDT,Y
01-701-1302,Xanomeline High Dose,81,Time to First Dermatologic Event,TTDE,2,0,Dematologic Event Occured,2013-08-29,2013-08-30,ADAE,ASTDT,Y
01-701-1317,Xanomeline Low Dose,54,Time to First Dermatologic Event,TTDE,33,0,Dematologic Event Occured,2014-05-22,2014-06-23,ADAE,ASTDT,Y
01-701-1324,Xanomeline Low Dose,54,Time to First Dermatologic Event,TTDE,21,0,Dematologic Event Occured,2012-10-02,2012-10-22,ADAE,ASTDT,Y
01-701-1341,Xanomeline Low Dose,54,Time to First Dermatologic Event,TTDE,15,0,Dematologic Event Occured,2013-01-05,2013-01-19,ADAE,ASTDT,Y
01-701-1345,Placebo,0,Time to First Dermatologic Event,TTDE,162,1,Study Completion Date,2013-10-08,2014-03-18,ADSL,RFENDT,Y
01-701-1360,Xanomeline High Dose,81,Time to First Dermatologic Event,TTDE,3,0,Dematologic Event Occured,2013-07-31,2013-08-02,ADAE,ASTDT,Y
01-701-1363,Placebo,0,Time to First Dermatologic Event,TTDE,48,0,Dematologic Event Occured,2013-05-30,2013-07-16,ADAE,ASTDT,Y
01-701-1383,Xanomeline High Dose,81,Time to First Dermatologic Event,TTDE,4,0,Dematologic Event Occured,2013-02-04,2013-02-07,ADAE,ASTDT,Y
01-701-1387,Placebo,0,Time to First Dermatologic Event,TTDE,14,1,Study Completion Date,2014-03-12,2014-03-25,ADSL,RFENDT,Y
01-701-1392,Placebo,0,Time to First Dermatologic Event,TTDE,183,1,Study Completion Date,2012-10-28,2013-04-28,ADSL,RFENDT,Y
01-701-1415,Placebo,0,Time to First Dermatologic Event,TTDE,183,1,Study Completion Date,2013-09-23,2014-03-24,ADSL,RFENDT,Y
01-701-1429,Xanomeline Low Dose,54,Time to First Dermatologic Event,TTDE,43,1,Study Completion Date,2013-03-19,2013-04-30,ADSL,RFENDT,Y
01-701-1440,Placebo,0,Time to First Dermatologic Event,TTDE,182,1,Study Completion Date,2013-08-08,2014-02-05,ADSL,RFENDT,Y
01-701-1442,Xanomeline Low Dose,54,Time to First Dermatologic Event,TTDE,77,0,Dematologic Event Occured,2013-10-26,2014-01-10,ADAE,ASTDT,Y
01-701-1444,Xanomeline High Dose,81,Time to First Dermatologic Event,TTDE,15,0,Dematologic Event Occured,2013-01-05,2013-01-19,ADAE,ASTDT,Y
01-702-1082,Xanomeline Low Dose,54,Time to First Dermatologic Event,TTDE,46,0,Dematologic Event Occured,2013-07-26,2013-09-09,ADAE,ASTDT,Y
01-703-1042,Placebo,0,Time to First Dermatologic Event,TTDE,183,1,Study Completion Date,2013-03-02,2013-08-31,ADSL,RFENDT,Y
01-703-1076,Xanomeline High Dose,81,Time to First Dermatologic Event,TTDE,30,0,Dematologic Event Occured,2013-10-25,2013-11-23,ADAE,ASTDT,Y
01-703-1086,Xanomeline Low Dose,54,Time to First Dermatologic Event,TTDE,12,0,Dematologic Event Occured,2012-09-02,2012-09-13,ADAE,ASTDT,Y
01-703-1096,Placebo,0,Time to First Dermatologic Event,TTDE,64,1,Study Completion Date,2013-01-25,2013-03-29,ADSL,RFENDT,Y
01-703-1100,Placebo,0,Time to First Dermatologic Event,TTDE,24,0,Dematologic Event Occured,2013-03-13,2013-04-05,ADAE,ASTDT,Y
01-703-1119,Xanomeline Low Dose,54,Time to First Dermatologic Event,TTDE,25,0,Dematologic Event Occured,2013-02-20,2013-03-16,ADAE,ASTDT,Y
01-703-1175,Placebo,0,Time to First Dermatologic Event,TTDE,12,1,Study Completion Date,2013-12-20,2013-12-31,ADSL,RFENDT,Y
01-703-1182,Xanomeline Low Dose,54,Time to First Dermatologic Event,TTDE,15,0,Dematologic Event Occured,2013-10-17,2013-10-31,ADAE,ASTDT,Y
01-703-1197,Xanomeline Low Dose,54,Time to First Dermatologic Event,TTDE,37,1,Study Completion Date,2013-06-16,2013-07-22,ADSL,RFENDT,Y
01-703-1210,Placebo,0,Time to First Dermatologic Event,TTDE,175,1,Study Completion Date,2013-03-16,2013-09-06,ADSL,RFENDT,Y
01-703-1258,Xanomeline High Dose,81,Time to First Dermatologic Event,TTDE,47,0,Dematologic Event Occured,2012-07-20,2012-09-04,ADAE,ASTDT,Y
01-703-1279,Xanomeline Low Dose,54,Time to First Dermatologic Event,TTDE,41,1,Study Completion Date,2013-05-13,2013-06-22,ADSL,RFENDT,Y
01-703-1295,Xanomeline High Dose,81,Time to First Dermatologic Event,TTDE,180,1,Study Completion Date,2013-11-21,2014-05-19,ADSL,RFENDT,Y
01-703-1299,Placebo,0,Time to First Dermatologic Event,TTDE,183,1,Study Completion Date,2012-09-12,2013-03-13,ADSL,RFENDT,Y
01-703-1335,Xanomeline High Dose,81,Time to First Dermatologic Event,TTDE,69,1,Study Completion Date,2014-03-17,2014-05-24,ADSL,RFENDT,Y
01-703-1379,Xanomeline Low Dose,54,Time to First Dermatologic Event,TTDE,181,1,Study Completion Date,2013-09-22,2014-03-21,ADSL,RFENDT,Y
01-703-1403,Xanomeline High Dose,81,Time to First Dermatologic Event,TTDE,8,1,Study Completion Date,2012-12-12,2012-12-19,ADSL,RFENDT,Y
01-703-1439,Xanomeline High Dose,81,Time to First Dermatologic Event,TTDE,44,0,Dematologic Event Occured,2014-03-12,2014-04-24,ADAE,ASTDT,Y
01-704-1008,Xanomeline High Dose,81,Time to First Dermatologic Event,TTDE,44,1,Study Completion Date,2013-01-13,2013-02-25,ADSL,RFENDT,Y
01-704-1009,Xanomeline Low Dose,54,Time to First Dermatologic Event,TTDE,19,0,Dematologic Event Occured,2013-08-27,2013-09-14,ADAE,ASTDT,Y
01-704-1010,Placebo,0,Time to First Dermatologic Event,TTDE,139,1,Study Completion Date,2014-02-21,2014-07-09,ADSL,RFENDT,Y
01-704-1017,Xanomeline High Dose,81,Time to First Dermatologic Event,TTDE,31,0,Dematologic Event Occured,2013-10-06,2013-11-05,ADAE,ASTDT,Y
01-704-1025,Xanomeline Low Dose,54,Time to First Dermatologic Event,TTDE,64,1,Study Completion Date,2013-09-27,2013-11-29,ADSL,RFENDT,Y
01-704-1065,Xanomeline High Dose,81,Time to First Dermatologic Event,TTDE,4,0,Dematologic Event Occured,2013-10-24,2013-10-27,ADAE,ASTDT,Y
01-704-1074,Xanomeline High Dose,81,Time to First Dermatologic Event,TTDE,1,0,Dematologic Event Occured,2014-01-22,2014-01-22,ADAE,ASTDT,Y
01-704-1093,Xanomeline High Dose,81,Time to First Dermatologic Event,TTDE,51,0,Dematologic Event Occured,2013-03-15,2013-05-04,ADAE,ASTDT,Y
01-704-1114,Xanomeline Low Dose,54,Time to First Dermatologic Event,TTDE,30,0,Dematologic Event Occured,2013-01-23,2013-02-21,ADAE,ASTDT,Y
01-704-1120,Xanomeline Low Dose,54,Time to First Dermatologic Event,TTDE,22,0,Dematologic Event Occured,2013-12-02,2013-12-23,ADAE,ASTDT,Y
01-704-1127,Placebo,0,Time to First Dermatologic Event,TTDE,181,1,Study Completion Date,2013-10-02,2014-03-31,ADSL,RFENDT,Y
01-704-1135,Xanomeline Low Dose,54,Time to First Dermatologic Event,TTDE,39,0,Dematologic Event Occured,2013-10-31,2013-12-08,ADAE,ASTDT,Y
01-704-1164,Placebo,0,Time to First Dermatologic Event,TTDE,198,1,Study Completion Date,2012-09-19,2013-04-04,ADSL,RFENDT,Y
01-704-1218,Xanomeline Low Dose,54,Time to First Dermatologic Event,TTDE,190,1,Study Completion Date,2012-11-19,2013-05-27,ADSL,RFENDT,Y
01-704-1233,Placebo,0,Time to First Dermatologic Event,TTDE,116,1,Study Completion Date,2013-03-21,2013-07-14,ADSL,RFENDT,Y
01-704-1241,Xanomeline High Dose,81,Time to First Dermatologic Event,TTDE,68,1,Study Completion Date,2013-08-25,2013-10-31,ADSL,RFENDT,Y
01-704-1260,Placebo,0,Time to First Dermatologic Event,TTDE,142,1,Study Completion Date,2012-08-30,2013-01-18,ADSL,RFENDT,Y
01-704-1266,Xanomeline High Dose,81,Time to First Dermatologic Event,TTDE,5,0,Dematologic Event Occured,2013-10-13,2013-10-17,ADAE,ASTDT,Y
01-704-1323,Xanomeline Low Dose,54,Time to First Dermatologic Event,TTDE,28,0,Dematologic Event Occured,2013-07-08,2013-08-04,ADAE,ASTDT,Y
01-704-1325,Xanomeline Low Dose,54,Time to First Dermatologic Event,TTDE,31,0,Dematologic Event Occured,2014-04-23,2014-05-23,ADAE,ASTDT,Y
01-704-1332,Xanomeline High Dose,81,Time to First Dermatologic Event,TTDE,2,0,Dematologic Event Occured,2013-12-09,2013-12-10,ADAE,ASTDT,Y
01-704-1351,Placebo,0,Time to First Dermatologic Event,TTDE,189,1,Study Completion Date,2013-10-12,2014-04-18,ADSL,RFENDT,Y
01-704-1388,Placebo,0,Time to First Dermatologic Event,TTDE,195,1,Study Completion Date,2012-12-07,2013-06-19,ADSL,RFENDT,Y
01-704-1435,Placebo,0,Time to First Dermatologic Event,TTDE,57,1,Study Completion Date,2012-11-17,2013-01-12,ADSL,RFENDT,Y
01-704-1445,Placebo,0,Time to First Dermatologic Event,TTDE,175,1,Study Completion Date,2014-05-11,2014-11-01,ADSL,RFENDT,Y
01-705-1018,Placebo,0,Time to First Dermatologic Event,TTDE,8,1,Study Completion Date,2013-07-05,2013-07-12,ADSL,RFENDT,Y
01-705-1031,Xanomeline Low Dose,54,Time to First Dermatologic Event,TTDE,29,0,Dematologic Event Occured,2013-11-27,2013-12-25,ADAE,ASTDT,Y
01-705-1059,Placebo,0,Time to First Dermatologic Event,TTDE,90,0,Dematologic Event Occured,2013-08-05,2013-11-02,ADAE,ASTDT,Y
01-705-1186,Placebo,0,Time to First Dermatologic Event,TTDE,31,1,Study Completion Date,2014-01-08,2014-02-07,ADSL,RFENDT,Y
01-705-1199,Xanomeline Low Dose,54,Time to First Dermatologic Event,TTDE,14,1,Study Completion Date,2013-09-16,2013-09-29,ADSL,RFENDT,Y
01-705-1280,Xanomeline High Dose,81,Time to First Dermatologic Event,TTDE,94,0,Dematologic Event Occured,2014-01-17,2014-04-20,ADAE,ASTDT,Y
01-705-1281,Xanomeline High Dose,81,Time to First Dermatologic Event,TTDE,64,0,Dematologic Event Occured,2013-11-28,2014-01-30,ADAE,ASTDT,Y
01-705-1282,Placebo,0,Time to First Dermatologic Event,TTDE,181,1,Study Completion Date,2012-12-26,2013-06-24,ADSL,RFENDT,Y
01-705-1292,Xanomeline Low Dose,54,Time to First Dermatologic Event,TTDE,15,0,Dematologic Event Occured,2013-10-14,2013-10-28,ADAE,ASTDT,Y
01-705-1303,Xanomeline High Dose,81,Time to First Dermatologic Event,TTDE,52,0,Dematologic Event Occured,2013-12-16,2014-02-05,ADAE,ASTDT,Y
01-705-1310,Xanomeline High Dose,81,Time to First Dermatologic Event,TTDE,13,0,Dematologic Event Occured,2013-11-02,2013-11-14,ADAE,ASTDT,Y
01-705-1349,Placebo,0,Time to First Dermatologic Event,TTDE,183,1,Study Completion Date,2013-03-10,2013-09-08,ADSL,RFENDT,Y
01-705-1377,Xanomeline High Dose,81,Time to First Dermatologic Event,TTDE,63,1,Study Completion Date,2014-01-04,2014-03-07,ADSL,RFENDT,Y
01-705-1382,Xanomeline High Dose,81,Time to First Dermatologic Event,TTDE,1,1,Study Completion Date,2013-05-13,2013-05-13,ADSL,RFENDT,Y
01-705-1393,Xanomeline Low Dose,54,Time to First Dermatologic Event,TTDE,167,1,Study Completion Date,2012-09-07,2013-02-20,ADSL,RFENDT,Y
01-705-1431,Xanomeline Low Dose,54,Time to First Dermatologic Event,TTDE,180,1,Study Completion Date,2013-06-23,2013-12-19,ADSL,RFENDT,Y
01-706-1041,Placebo,0,Time to First Dermatologic Event,TTDE,64,0,Dematologic Event Occured,2013-12-31,2014-03-04,ADAE,ASTDT,Y
01-706-1049,Xanomeline High Dose,81,Time to First Dermatologic Event,TTDE,43,1,Study Completion Date,2013-05-14,2013-06-25,ADSL,RFENDT,Y
01-706-1384,Xanomeline Low Dose,54,Time to First Dermatologic Event,TTDE,1,0,Dematologic Event Occured,2012-09-15,2012-09-15,ADAE,ASTDT,Y
01-707-1037,Xanomeline Low Dose,54,Time to First Dermatologic Event,TTDE,20,1,Study Completion Date,2013-12-20,2014-01-08,ADSL,RFENDT,Y
01-707-1206,Placebo,0,Time to First Dermatologic Event,TTDE,182,1,Study Completion Date,2013-10-28,2014-04-27,ADSL,RFENDT,Y
01-708-1019,Xanomeline Low Dose,54,Time to First Dermatologic Event,TTDE,35,1,Study Completion Date,2013-12-20,2014-01-23,ADSL,RFENDT,Y
01-708-1032,Xanomeline Low Dose,54,Time to First Dermatologic Event,TTDE,18,0,Dematologic Event Occured,2013-02-09,2013-02-26,ADAE,ASTDT,Y
01-708-1084,Xanomeline Low Dose,54,Time to First Dermatologic Event,TTDE,187,1,Study Completion Date,2013-05-09,2013-11-11,ADSL,RFENDT,Y
01-708-1087,Placebo,0,Time to First Dermatologic Event,TTDE,189,1,Study Completion Date,2012-10-22,2013-04-28,ADSL,RFENDT,Y
01-708-1158,Placebo,0,Time to First Dermatologic Event,TTDE,43,0,Dematologic Event Occured,2014-02-08,2014-03-22,ADAE,ASTDT,Y
01-708-1171,Placebo,0,Time to First Dermatologic Event,TTDE,181,1,Study Completion Date,2012-12-06,2013-06-04,ADSL,RFENDT,Y
01-708-1178,Xanomeline High Dose,81,Time to First Dermatologic Event,TTDE,71,0,Dematologic Event Occured,2013-12-29,2014-03-09,ADAE,ASTDT,Y
01-708-1213,Xanomeline High Dose,81,Time to First Dermatologic Event,TTDE,18,1,Study Completion Date,2013-02-09,2013-02-26,ADSL,RFENDT,Y
01-708-1216,Xanomeline High Dose,81,Time to First Dermatologic Event,TTDE,14,0,Dematologic Event Occured,2012-10-24,2012-11-06,ADAE,ASTDT,Y
01-708-1236,Xanomeline High Dose,81,Time to First Dermatologic Event,TTDE,6,1,Study Completion Date,2013-09-21,2013-09-26,ADSL,RFENDT,Y
01-708-1253,Placebo,0,Time to First Dermatologic Event,TTDE,183,1,Study Completion Date,2013-05-07,2013-11-05,ADSL,RFENDT,Y
01-708-1272,Xanomeline Low Dose,54,Time to First Dermatologic Event,TTDE,22,0,Dematologic Event Occured,2013-02-06,2013-02-27,ADAE,ASTDT,Y
01-708-1286,Placebo,0,Time to First Dermatologic Event,TTDE,3,0,Dematologic Event Occured,2013-09-10,2013-09-12,ADAE,ASTDT,Y
01-708-1296,Placebo,0,Time to First Dermatologic Event,TTDE,83,0,Dematologic Event Occured,2013-06-14,2013-09-04,ADAE,ASTDT,Y
01-708-1297,Xanomeline Low Dose,54,Time to First Dermatologic Event,TTDE,68,0,Dematologic Event Occured,2013-01-25,2013-04-02,ADAE,ASTDT,Y
01-708-1316,Placebo,0,Time to First Dermatologic Event,TTDE,177,0,Dematologic Event Occured,2013-08-23,2014-02-15,ADAE,ASTDT,Y
01-708-1336,Xanomeline High Dose,81,Time to First Dermatologic Event,TTDE,37,0,Dematologic Event Occured,2012-12-07,2013-01-12,ADAE,ASTDT,Y
01-708-1342,Placebo,0,Time to First Dermatologic Event,TTDE,182,1,Study Completion Date,2012-12-29,2013-06-28,ADSL,RFENDT,Y
01-708-1347,Xanomeline High Dose,81,Time to First Dermatologic Event,TTDE,55,0,Dematologic Event Occured,2013-04-20,2013-06-13,ADAE,ASTDT,Y
01-708-1348,Xanomeline Low Dose,54,Time to First Dermatologic Event,TTDE,119,0,Dematologic Event Occured,2013-08-05,2013-12-01,ADAE,ASTDT,Y
01-708-1353,Xanomeline Low Dose,54,Time to First Dermatologic Event,TTDE,69,1,Study Completion Date,2013-07-04,2013-09-10,ADSL,RFENDT,Y
01-708-1372,Xanomeline High Dose,81,Time to First Dermatologic Event,TTDE,29,1,Study Completion Date,2013-04-12,2013-05-10,ADSL,RFENDT,Y
01-708-1378,Placebo,0,Time to First Dermatologic Event,TTDE,148,1,Study Completion Date,2013-09-03,2014-01-28,ADSL,RFENDT,Y
01-708-1406,Xanomeline High Dose,81,Time to First Dermatologic Event,TTDE,189,1,Study Completion Date,2013-12-26,2014-07-02,ADSL,RFENDT,Y
01-708-1428,Xanomeline Low Dose,54,Time to First Dermatologic Event,TTDE,32,0,Dematologic Event Occured,2013-11-09,2013-12-10,ADAE,ASTDT,Y
01-709-1001,Placebo,0,Time to First Dermatologic Event,TTDE,183,1,Study Completion Date,2013-10-08,2014-04-08,ADSL,RFENDT,Y
01-709-1007,Xanomeline Low Dose,54,Time to First Dermatologic Event,TTDE,17,0,Dematologic Event Occured,2012-07-31,2012-08-16,ADAE,ASTDT,Y
01-709-1020,Xanomeline Low Dose,54,Time to First Dermatologic Event,TTDE,27,0,Dematologic Event Occured,2012-12-01,2012-12-27,ADAE,ASTDT,Y
01-709-1029,Xanomeline High Dose,81,Time to First Dermatologic Event,TTDE,24,0,Dematologic Event Occured,2012-12-25,2013-01-17,ADAE,ASTDT,Y
01-709-1081,Xanomeline Low Dose,54,Time to First Dermatologic Event,TTDE,80,0,Dematologic Event Occured,2014-01-18,2014-04-07,ADAE,ASTDT,Y
01-709-1088,Placebo,0,Time to First Dermatologic Event,TTDE,27,0,Dematologic Event Occured,2014-04-12,2014-05-08,ADAE,ASTDT,Y
01-709-1099,Xanomeline High Dose,81,Time to First Dermatologic Event,TTDE,19,0,Dematologic Event Occured,2013-10-25,2013-11-12,ADAE,ASTDT,Y
01-709-1102,Xanomeline Low Dose,54,Time to First Dermatologic Event,TTDE,28,0,Dematologic Event Occured,2013-01-15,2013-02-11,ADAE,ASTDT,Y
01-709-1168,Xanomeline High Dose,81,Time to First Dermatologic Event,TTDE,16,0,Dematologic Event Occured,2013-08-02,2013-08-17,ADAE,ASTDT,Y
01-709-1217,Xanomeline Low Dose,54,Time to First Dermatologic Event,TTDE,23,0,Dematologic Event Occured,2013-03-04,2013-03-26,ADAE,ASTDT,Y
01-709-1238,Xanomeline High Dose,81,Time to First Dermatologic Event,TTDE,16,0,Dematologic Event Occured,2013-05-15,2013-05-30,ADAE,ASTDT,Y
01-709-1259,Placebo,0,Time to First Dermatologic Event,TTDE,139,1,Study Completion Date,2013-01-26,2013-06-13,ADSL,RFENDT,Y
01-709-1285,Xanomeline Low Dose,54,Time to First Dermatologic Event,TTDE,27,0,Dematologic Event Occured,2013-03-24,2013-04-19,ADAE,ASTDT,Y
01-709-1301,Placebo,0,Time to First Dermatologic Event,TTDE,183,1,Study Completion Date,2013-07-19,2014-01-17,ADSL,RFENDT,Y
01-709-1306,Placebo,0,Time to First Dermatologic Event,TTDE,77,0,Dematologic Event Occured,2014-02-03,2014-04-20,ADAE,ASTDT,Y
01-709-1309,Xanomeline High Dose,81,Time to First Dermatologic Event,TTDE,2,0,Dematologic Event Occured,2013-06-19,2013-06-20,ADAE,ASTDT,Y
01-709-1312,Placebo,0,Time to First Dermatologic Event,TTDE,28,0,Dematologic Event Occured,2014-04-20,2014-05-17,ADAE,ASTDT,Y
01-709-1326,Xanomeline Low Dose,54,Time to First Dermatologic Event,TTDE,27,0,Dematologic Event Occured,2013-04-05,2013-05-01,ADAE,ASTDT,Y
01-709-1329,Xanomeline High Dose,81,Time to First Dermatologic Event,TTDE,15,1,Study Completion Date,2013-08-15,2013-08-29,ADSL,RFENDT,Y
01-709-1339,Placebo,0,Time to First Dermatologic Event,TTDE,184,1,Study Completion Date,2012-12-23,2013-06-24,ADSL,RFENDT,Y
01-709-1424,Xanomeline High Dose,81,Time to First Dermatologic Event,TTDE,6,1,Study Completion Date,2013-03-03,2013-03-08,ADSL,RFENDT,Y
01-710-1002,Xanomeline Low Dose,54,Time to First Dermatologic Event,TTDE,5,1,Study Completion Date,2014-01-14,2014-01-18,ADSL,RFENDT,Y
01-710-1006,Xanomeline High Dose,81,Time to First Dermatologic Event,TTDE,20,0,Dematologic Event Occured,2013-02-10,2013-03-01,ADAE,ASTDT,Y
01-710-1021,Xanomeline High Dose,81,Time to First Dermatologic Event,TTDE,25,0,Dematologic Event Occured,2013-09-27,2013-10-21,ADAE,ASTDT,Y
01-710-1027,Placebo,0,Time to First Dermatologic Event,TTDE,183,1,Study Completion Date,2014-02-28,2014-08-29,ADSL,RFENDT,Y
01-710-1045,Xanomeline Low Dose,54,Time to First Dermatologic Event,TTDE,30,0,Dematologic Event Occured,2013-06-03,2013-07-02,ADAE,ASTDT,Y
01-710-1053,Xanomeline Low Dose,54,Time to First Dermatologic Event,TTDE,34,0,Dematologic Event Occured,2012-12-26,2013-01-28,ADAE,ASTDT,Y
01-710-1060,Placebo,0,Time to First Dermatologic Event,TTDE,21,0,Dematologic Event Occured,2013-01-01,2013-01-21,ADAE,ASTDT,Y
01-710-1070,Xanomeline High Dose,81,Time to First Dermatologic Event,TTDE,96,0,Dematologic Event Occured,2012-09-08,2012-12-12,ADAE,ASTDT,Y
01-710-1077,Placebo,0,Time to First Dermatologic Event,TTDE,26,0,Dematologic Event Occured,2013-11-17,2013-12-12,ADAE,ASTDT,Y
01-710-1078,Placebo,0,Time to First Dermatologic Event,TTDE,188,1,Study Completion Date,2013-09-17,2014-03-23,ADSL,RFENDT,Y
01-710-1083,Placebo,0,Time to First Dermatologic Event,TTDE,13,1,Study Completion Date,2013-07-22,2013-08-03,ADSL,RFENDT,Y
01-710-1137,Xanomeline High Dose,81,Time to First Dermatologic Event,TTDE,3,0,Dematologic Event Occured,2013-10-11,2013-10-13,ADAE,ASTDT,Y
01-710-1142,Xanomeline High Dose,81,Time to First Dermatologic Event,TTDE,22,1,Study Completion Date,2012-10-02,2012-10-23,ADSL,RFENDT,Y
01-710-1154,Xanomeline Low Dose,54,Time to First Dermatologic Event,TTDE,21,0,Dematologic Event Occured,2014-03-29,2014-04-18,ADAE,ASTDT,Y
01-710-1166,Xanomeline Low Dose,54,Time to First Dermatologic Event,TTDE,121,1,Study Completion Date,2012-11-30,2013-03-30,ADSL,RFENDT,Y
01-710-1183,Placebo,0,Time to First Dermatologic Event,TTDE,183,1,Study Completion Date,2013-11-16,2014-05-17,ADSL,RFENDT,Y
01-710-1187,Xanomeline High Dose,81,Time to First Dermatologic Event,TTDE,44,0,Dematologic Event Occured,2012-11-10,2012-12-23,ADAE,ASTDT,Y
01-710-1235,Xanomeline Low Dose,54,Time to First Dermatologic Event,TTDE,126,0,Dematologic Event Occured,2012-09-26,2013-01-29,ADAE,ASTDT,Y
01-710-1249,Xanomeline High Dose,81,Time to First Dermatologic Event,TTDE,46,0,Dematologic Event Occured,2013-12-28,2014-02-11,ADAE,ASTDT,Y
01-710-1264,Placebo,0,Time to First Dermatologic Event,TTDE,70,0,Dematologic Event Occured,2013-06-13,2013-08-21,ADAE,ASTDT,Y
01-710-1270,Xanomeline Low Dose,54,Time to First Dermatologic Event,TTDE,12,0,Dematologic Event Occured,2014-02-12,2014-02-23,ADAE,ASTDT,Y
01-710-1271,Placebo,0,Time to First Dermatologic Event,TTDE,67,1,Study Completion Date,2012-09-27,2012-12-02,ADSL,RFENDT,Y
01-710-1278,Xanomeline High Dose,81,Time to First Dermatologic Event,TTDE,46,0,Dematologic Event Occured,2012-12-24,2013-02-07,ADAE,ASTDT,Y
01-710-1300,Xanomeline Low Dose,54,Time to First Dermatologic Event,TTDE,48,0,Dematologic Event Occured,2012-12-15,2013-01-31,ADAE,ASTDT,Y
01-710-1314,Placebo,0,Time to First Dermatologic Event,TTDE,32,1,Study Completion Date,2013-04-24,2013-05-25,ADSL,RFENDT,Y
01-710-1315,Placebo,0,Time to First Dermatologic Event,TTDE,77,0,Dematologic Event Occured,2013-02-27,2013-05-14,ADAE,ASTDT,Y
01-710-1354,Xanomeline High Dose,81,Time to First Dermatologic Event,TTDE,50,0,Dematologic Event Occured,2012-11-11,2012-12-30,ADAE,ASTDT,Y
01-710-1358,Xanomeline Low Dose,54,Time to First Dermatologic Event,TTDE,97,0,Dematologic Event Occured,2012-09-17,2012-12-22,ADAE,ASTDT,Y
01-710-1368,Placebo,0,Time to First Dermatologic Event,TTDE,184,1,Study Completion Date,2013-10-23,2014-04-24,ADSL,RFENDT,Y
01-710-1385,Xanomeline Low Dose,54,Time to First Dermatologic Event,TTDE,51,0,Dematologic Event Occured,2012-10-29,2012-12-18,ADAE,ASTDT,Y
01-710-1408,Xanomeline High Dose,81,Time to First Dermatologic Event,TTDE,51,0,Dematologic Event Occured,2013-01-05,2013-02-24,ADAE,ASTDT,Y
01-711-1012,Xanomeline High Dose,81,Time to First Dermatologic Event,TTDE,14,0,Dematologic Event Occured,2013-04-03,2013-04-16,ADAE,ASTDT,Y
01-711-1036,Placebo,0,Time to First Dermatologic Event,TTDE,197,1,Study Completion Date,2012-07-29,2013-02-10,ADSL,RFENDT,Y
01-711-1143,Xanomeline Low Dose,54,Time to First Dermatologic Event,TTDE,46,0,Dematologic Event Occured,2013-04-03,2013-05-18,ADAE,ASTDT,Y
01-711-1433,Xanomeline High Dose,81,Time to First Dermatologic Event,TTDE,11,1,Study Completion Date,2013-01-27,2013-02-06,ADSL,RFENDT,Y
01-713-1043,Xanomeline Low Dose,54,Time to First Dermatologic Event,TTDE,12,0,Dematologic Event Occured,2013-09-15,2013-09-26,ADAE,ASTDT,Y
01-713-1073,Xanomeline Low Dose,54,Time to First Dermatologic Event,TTDE,107,0,Dematologic Event Occured,2014-03-30,2014-07-14,ADAE,ASTDT,Y
01-713-1106,Xanomeline High Dose,81,Time to First Dermatologic Event,TTDE,188,1,Study Completion Date,2012-10-31,2013-05-06,ADSL,RFENDT,Y
01-713-1141,Xanomeline High Dose,81,Time to First Dermatologic Event,TTDE,22,0,Dematologic Event Occured,2013-05-31,2013-06-21,ADAE,ASTDT,Y
01-713-1179,Placebo,0,Time to First Dermatologic Event,TTDE,181,1,Study Completion Date,2013-08-09,2014-02-05,ADSL,RFENDT,Y
01-713-1209,Xanomeline High Dose,81,Time to First Dermatologic Event,TTDE,7,0,Dematologic Event Occured,2013-05-27,2013-06-02,ADAE,ASTDT,Y
01-713-1256,Placebo,0,Time to First Dermatologic Event,TTDE,42,0,Dematologic Event Occured,2012-09-19,2012-10-30,ADAE,ASTDT,Y
01-713-1269,Placebo,0,Time to First Dermatologic Event,TTDE,7,0,Dematologic Event Occured,2014-01-27,2014-02-02,ADAE,ASTDT,Y
01-713-1448,Xanomeline Low Dose,54,Time to First Dermatologic Event,TTDE,60,0,Dematologic Event Occured,2014-01-19,2014-03-19,ADAE,ASTDT,Y
01-714-1035,Placebo,0,Time to First Dermatologic Event,TTDE,183,1,Study Completion Date,2014-04-17,2014-10-16,ADSL,RFENDT,Y
01-714-1068,Xanomeline Low Dose,54,Time to First Dermatologic Event,TTDE,5,0,Dematologic Event Occured,2013-08-08,2013-08-12,ADAE,ASTDT,Y
01-714-1195,Xanomeline Low Dose,54,Time to First Dermatologic Event,TTDE,18,0,Dematologic Event Occured,2013-04-26,2013-05-13,ADAE,ASTDT,Y
01-714-1288,Xanomeline High Dose,81,Time to First Dermatologic Event,TTDE,39,0,Dematologic Event Occured,2013-12-04,2014-01-11,ADAE,ASTDT,Y
01-714-1375,Placebo,0,Time to First Dermatologic Event,TTDE,33,0,Dematologic Event Occured,2013-02-26,2013-03-30,ADAE,ASTDT,Y
01-714-1425,Xanomeline High Dose,81,Time to First Dermatologic Event,TTDE,8,1,Study Completion Date,2013-08-15,2013-08-22,ADSL,RFENDT,Y
01-715-1085,Xanomeline Low Dose,54,Time to First Dermatologic Event,TTDE,184,1,Study Completion Date,2013-02-16,2013-08-18,ADSL,RFENDT,Y
01-715-1107,Xanomeline Low Dose,54,Time to First Dermatologic Event,TTDE,71,0,Dematologic Event Occured,2013-02-26,2013-05-07,ADAE,ASTDT,Y
01-715-1155,Placebo,0,Time to First Dermatologic Event,TTDE,135,1,Study Completion Date,2013-12-13,2014-04-26,ADSL,RFENDT,Y
01-715-1207,Placebo,0,Time to First Dermatologic Event,TTDE,196,1,Study Completion Date,2012-11-18,2013-06-01,ADSL,RFENDT,Y
01-715-1319,Xanomeline High Dose,81,Time to First Dermatologic Event,TTDE,30,1,Study Completion Date,2013-02-17,2013-03-18,ADSL,RFENDT,Y
01-715-1321,Xanomeline High Dose,81,Time to First Dermatologic Event,TTDE,70,0,Dematologic Event Occured,2014-02-11,2014-04-21,ADAE,ASTDT,Y
01-715-1397,Placebo,0,Time to First Dermatologic Event,TTDE,184,1,Study Completion Date,2013-04-03,2013-10-03,ADSL,RFENDT,Y
01-715-1405,Xanomeline Low Dose,54,Time to First Dermatologic Event,TTDE,8,1,Study Completion Date,2013-07-06,2013-07-13,ADSL,RFENDT,Y
01-716-1024,Placebo,0,Time to First Dermatologic Event,TTDE,196,1,Study Completion Date,2012-07-09,2013-01-20,ADSL,RFENDT,Y
01-716-1026,Placebo,0,Time to First Dermatologic Event,TTDE,16,0,Dematologic Event Occured,2014-04-02,2014-04-17,ADAE,ASTDT,Y
01-716-1030,Xanomeline High Dose,81,Time to First Dermatologic Event,TTDE,14,1,Study Completion Date,2013-12-28,2014-01-10,ADSL,RFENDT,Y
01-716-1044,Placebo,0,Time to First Dermatologic Event,TTDE,191,1,Study Completion Date,2013-04-27,2013-11-03,ADSL,RFENDT,Y
01-716-1063,Xanomeline Low Dose,54,Time to First Dermatologic Event,TTDE,57,0,Dematologic Event Occured,2013-05-09,2013-07-04,ADAE,ASTDT,Y
01-716-1071,Xanomeline High Dose,81,Time to First Dermatologic Event,TTDE,55,1,Study Completion Date,2013-06-08,2013-08-01,ADSL,RFENDT,Y
01-716-1094,Xanomeline Low Dose,54,Time to First Dermatologic Event,TTDE,39,1,Study Completion Date,2012-12-19,2013-01-26,ADSL,RFENDT,Y
01-716-1103,Xanomeline Low Dose,54,Time to First Dermatologic Event,TTDE,112,0,Dematologic Event Occured,2014-03-20,2014-07-09,ADAE,ASTDT,Y
01-716-1108,Placebo,0,Time to First Dermatologic Event,TTDE,79,0,Dematologic Event Occured,2013-02-12,2013-05-01,ADAE,ASTDT,Y
01-716-1151,Xanomeline Low Dose,54,Time to First Dermatologic Event,TTDE,43,0,Dematologic Event Occured,2013-02-01,2013-03-15,ADAE,ASTDT,Y
01-716-1157,Xanomeline Low Dose,54,Time to First Dermatologic Event,TTDE,24,0,Dematologic Event Occured,2013-10-02,2013-10-25,ADAE,ASTDT,Y
01-716-1160,Placebo,0,Time to First Dermatologic Event,TTDE,35,0,Dematologic Event Occured,2013-04-05,2013-05-09,ADAE,ASTDT,Y
01-716-1167,Xanomeline Low Dose,54,Time to First Dermatologic Event,TTDE,41,0,Dematologic Event Occured,2012-10-08,2012-11-17,ADAE,ASTDT,Y
01-716-1177,Placebo,0,Time to First Dermatologic Event,TTDE,185,1,Study Completion Date,2014-09-02,2015-03-05,ADSL,RFENDT,Y
01-716-1189,Xanomeline High Dose,81,Time to First Dermatologic Event,TTDE,89,0,Dematologic Event Occured,2012-10-09,2013-01-05,ADAE,ASTDT,Y
01-716-1229,Xanomeline High Dose,81,Time to First Dermatologic Event,TTDE,1,0,Dematologic Event Occured,2013-02-20,2013-02-20,ADAE,ASTDT,Y
01-716-1298,Xanomeline Low Dose,54,Time to First Dermatologic Event,TTDE,15,0,Dematologic Event Occured,2013-04-08,2013-04-22,ADAE,ASTDT,Y
01-716-1308,Placebo,0,Time to First Dermatologic Event,TTDE,24,0,Dematologic Event Occured,2013-08-28,2013-09-20,ADAE,ASTDT,Y
01-716-1311,Xanomeline Low Dose,54,Time to First Dermatologic Event,TTDE,15,0,Dematologic Event Occured,2014-05-14,2014-05-28,ADAE,ASTDT,Y
01-716-1364,Xanomeline High Dose,81,Time to First Dermatologic Event,TTDE,46,0,Dematologic Event Occured,2013-07-04,2013-08-18,ADAE,ASTDT,Y
01-716-1373,Xanomeline High Dose,81,Time to First Dermatologic Event,TTDE,2,0,Dematologic Event Occured,2012-12-14,2012-12-15,ADAE,ASTDT,Y
01-716-1418,Xanomeline High Dose,81,Time to First Dermatologic Event,TTDE,1,0,Dematologic Event Occured,2013-05-05,2013-05-05,ADAE,ASTDT,Y
01-716-1441,Placebo,0,Time to First Dermatologic Event,TTDE,110,0,Dematologic Event Occured,2014-01-22,2014-05-11,ADAE,ASTDT,Y
01-716-1447,Xanomeline High Dose,81,Time to First Dermatologic Event,TTDE,30,0,Dematologic Event Occured,2013-12-16,2014-01-14,ADAE,ASTDT,Y
01-717-1004,Xanomeline Low Dose,54,Time to First Dermatologic Event,TTDE,2,0,Dematologic Event Occured,2014-01-14,2014-01-15,ADAE,ASTDT,Y
01-717-1109,Xanomeline High Dose,81,Time to First Dermatologic Event,TTDE,20,0,Dematologic Event Occured,2014-01-27,2014-02-15,ADAE,ASTDT,Y
01-717-1174,Xanomeline High Dose,81,Time to First Dermatologic Event,TTDE,5,0,Dematologic Event Occured,2013-01-22,2013-01-26,ADAE,ASTDT,Y
01-717-1201,Placebo,0,Time to First Dermatologic Event,TTDE,1,0,Dematologic Event Occured,2013-12-19,2013-12-19,ADAE,ASTDT,Y
01-717-1344,Placebo,0,Time to First Dermatologic Event,TTDE,63,1,Study Completion Date,2014-01-11,2014-03-14,ADSL,RFENDT,Y
01-717-1357,Xanomeline High Dose,81,Time to First Dermatologic Event,TTDE,23,0,Dematologic Event Occured,2013-05-01,2013-05-23,ADAE,ASTDT,Y
01-717-1446,Xanomeline Low Dose,54,Time to First Dermatologic Event,TTDE,19,0,Dematologic Event Occured,2013-09-01,2013-09-19,ADAE,ASTDT,Y
01-718-1066,Xanomeline Low Dose,54,Time to First Dermatologic Event,TTDE,24,1,Study Completion Date,2013-07-07,2013-07-30,ADSL,RFENDT,Y
01-718-1079,Xanomeline Low Dose,54,Time to First Dermatologic Event,TTDE,17,0,Dematologic Event Occured,2012-09-19,2012-10-05,ADAE,ASTDT,Y
01-718-1101,Xanomeline High Dose,81,Time to First Dermatologic Event,TTDE,167,1,Study Completion Date,2013-02-17,2013-08-02,ADSL,RFENDT,Y
01-718-1139,Placebo,0,Time to First Dermatologic Event,TTDE,183,1,Study Completion Date,2013-05-19,2013-11-17,ADSL,RFENDT,Y
01-718-1150,Placebo,0,Time to First Dermatologic Event,TTDE,56,0,Dematologic Event Occured,2013-01-19,2013-03-15,ADAE,ASTDT,Y
01-718-1170,Xanomeline Low Dose,54,Time to First Dermatologic Event,TTDE,49,1,Study Completion Date,2013-09-16,2013-11-03,ADSL,RFENDT,Y
01-718-1172,Placebo,0,Time to First Dermatologic Event,TTDE,70,1,Study Completion Date,2013-09-21,2013-11-29,ADSL,RFENDT,Y
01-718-1250,Xanomeline Low Dose,54,Time to First Dermatologic Event,TTDE,100,0,Dematologic Event Occured,2013-09-21,2013-12-29,ADAE,ASTDT,Y
01-718-1254,Xanomeline Low Dose,54,Time to First Dermatologic Event,TTDE,35,0,Dematologic Event Occured,2013-07-10,2013-08-13,ADAE,ASTDT,Y
01-718-1328,Xanomeline High Dose,81,Time to First Dermatologic Event,TTDE,51,0,Dematologic Event Occured,2013-02-01,2013-03-23,ADAE,ASTDT,Y
01-718-1355,Placebo,0,Time to First Dermatologic Event,TTDE,9,0,Dematologic Event Occured,2013-02-28,2013-03-08,ADAE,ASTDT,Y
01-718-1371,Xanomeline High Dose,81,Time to First Dermatologic Event,TTDE,29,0,Dematologic Event Occured,2013-04-26,2013-05-24,ADAE,ASTDT,Y
01-718-1427,Xanomeline High Dose,81,Time to First Dermatologic Event,TTDE,42,0,Dematologic Event Occured,2012-12-17,2013-01-27,ADAE,ASTDT,Y
