USUBJID,SITEID,planned_treatment,actual_treatment,actual_treatment_code,age,age_group,sex,race,safety_population_flag,intent_to_treat_flag,efficacy_population_flag,baseline_bmi,baseline_height_cm,baseline_weight_kg,treatment_start_date,treatment_end_date,treatment_duration_days
01-701-1015,701,Placebo,Placebo,0,63,<65,F,WHITE,Y,Y,Y,25.1,147.3,54.4,2014-01-02,2014-07-02,182
01-701-1023,701,Placebo,Placebo,0,64,<65,M,WHITE,Y,Y,Y,30.4,162.6,80.3,2012-08-05,2012-09-01,28
01-701-1028,701,Xanomeline High Dose,Xanomeline High Dose,81,71,65-80,M,WHITE,Y,Y,Y,31.4,177.8,99.3,2013-07-19,2014-01-14,180
01-701-1033,701,Xanomeline Low Dose,Xanomeline Low Dose,54,74,65-80,M,WHITE,Y,Y,Y,28.8,175.3,88.5,2014-03-18,2014-03-31,14
01-701-1034,701,Xanomeline High Dose,Xanomeline High Dose,81,77,65-80,F,WHITE,Y,Y,Y,26.1,154.9,62.6,2014-07-01,2014-12-30,183
01-701-1047,701,Placebo,Placebo,0,85,>80,F,WHITE,Y,Y,Y,30.4,148.6,67.1,2013-02-12,2013-03-09,26
01-701-1097,701,Xanomeline Low Dose,Xanomeline Low Dose,54,68,65-80,M,WHITE,Y,Y,Y,27.3,168.9,78,2014-01-01,2014-07-09,190
01-701-1111,701,Xanomeline Low Dose,Xanomeline Low Dose,54,81,>80,F,WHITE,Y,Y,Y,23.9,158.2,59.9,2012-09-07,2012-09-16,10
01-701-1115,701,Xanomeline Low Dose,Xanomeline Low Dose,54,84,>80,M,WHITE,Y,Y,Y,23.9,181.6,78.9,2012-11-30,2013-01-23,55
01-701-1118,701,Placebo,Placebo,0,52,<65,M,WHITE,Y,Y,Y,21.9,180.3,71.2,2014-03-12,2014-09-09,182
01-701-1130,701,Placebo,Placebo,0,84,>80,M,WHITE,Y,Y,Y,27.6,169.7,79.4,2014-02-15,2014-08-16,183
01-701-1133,701,Xanomeline High Dose,Xanomeline High Dose,81,81,>80,F,WHITE,Y,Y,Y,28.1,162.6,74.4,2012-10-28,2013-04-28,183
01-701-1146,701,Xanomeline High Dose,Xanomeline High Dose,81,75,65-80,F,WHITE,Y,Y,Y,24.9,147.3,54,2013-05-20,2013-06-26,38
01-701-1148,701,Xanomeline High Dose,Xanomeline High Dose,81,57,<65,M,WHITE,Y,Y,Y,28.3,175.3,87.1,2013-08-23,2014-02-20,182
01-701-1153,701,Placebo,Placebo,0,79,65-80,F,WHITE,Y,Y,Y,23.8,156.2,58.1,2013-09-23,2014-03-16,175
01-701-1180,701,Xanomeline High Dose,Xanomeline High Dose,81,56,<65,M,WHITE,Y,Y,Y,27.6,180.3,89.8,2013-02-12,2013-03-18,35
01-701-1181,701,Xanomeline High Dose,Xanomeline High Dose,81,79,65-80,F,WHITE,Y,Y,Y,27.8,154.9,66.7,2013-12-05,2013-12-09,5
01-701-1188,701,Xanomeline Low Dose,Xanomeline Low Dose,54,71,65-80,M,WHITE,Y,Y,Y,32,177.8,101.2,2013-02-15,2013-03-24,38
01-701-1192,701,Xanomeline Low Dose,Xanomeline Low Dose,54,80,65-80,F,WHITE,Y,Y,Y,27.8,151.1,63.5,2012-07-22,2013-01-20,183
01-701-1203,701,Placebo,Placebo,0,81,>80,F,BLACK OR AFRICAN AMERICAN,Y,Y,Y,25.9,160,66.2,2013-02-02,2013-08-03,183
01-701-1211,701,Xanomeline Low Dose,Xanomeline Low Dose,54,76,65-80,F,WHITE,Y,Y,Y,17.7,160,45.4,2012-11-15,2013-01-12,59
01-701-1234,701,Placebo,Placebo,0,69,65-80,M,WHITE,Y,Y,Y,23.4,181.6,77.1,2013-03-30,2013-09-22,177
01-701-1239,701,Xanomeline High Dose,Xanomeline High Dose,81,56,<65,M,WHITE,Y,Y,Y,33.6,168.9,95.9,2014-01-11,2014-07-10,181
01-701-1275,701,Xanomeline High Dose,Xanomeline High Dose,81,61,<65,M,AMERICAN INDIAN OR ALASKA NATIVE,Y,Y,Y,24.6,167.6,69,2014-02-07,2014-05-31,114
01-701-1287,701,Xanomeline High Dose,Xanomeline High Dose,81,56,<65,F,WHITE,Y,Y,Y,23.5,154.9,56.3,2014-01-25,2014-07-26,183
01-701-1294,701,Xanomeline Low Dose,Xanomeline Low Dose,54,67,65-80,M,WHITE,Y,Y,Y,27.1,170.2,78.5,2013-03-24,2013-06-14,83
01-701-1302,701,Xanomeline High Dose,Xanomeline High Dose,81,61,<65,M,WHITE,Y,Y,Y,26,177.8,82.1,2013-08-29,2013-11-05,69
01-701-1317,701,Xanomeline Low Dose,Xanomeline Low Dose,54,68,65-80,M,WHITE,Y,Y,Y,21.4,176.5,66.7,2014-05-22,2014-11-20,183
01-701-1324,701,Xanomeline Low Dose,Xanomeline Low Dose,54,79,65-80,M,WHITE,Y,Y,Y,27.8,166.4,77.1,2012-10-02,2013-04-02,183
01-701-1341,701,Xanomeline Low Dose,Xanomeline Low Dose,54,51,<65,M,WHITE,Y,Y,Y,28.5,157.5,70.8,2013-01-05,2013-01-26,22
01-701-1345,701,Placebo,Placebo,0,63,<65,F,WHITE,Y,Y,Y,18.6,174,56.3,2013-10-08,2014-03-18,162
01-701-1360,701,Xanomeline High Dose,Xanomeline High Dose,81,67,65-80,M,WHITE,Y,Y,Y,29,166.4,80.3,2013-07-31,2013-08-05,6
01-701-1363,701,Placebo,Placebo,0,81,>80,F,BLACK OR AFRICAN AMERICAN,Y,Y,Y,24.9,161.3,64.9,2013-05-30,2013-11-27,182
01-701-1383,701,Xanomeline High Dose,Xanomeline High Dose,81,72,65-80,F,WHITE,Y,Y,Y,31.6,163.8,84.8,2013-02-04,2013-08-06,184
01-701-1387,701,Placebo,Placebo,0,87,>80,F,WHITE,Y,Y,Y,22.5,162.6,59.4,2014-03-12,2014-03-25,14
01-701-1392,701,Placebo,Placebo,0,78,65-80,M,WHITE,Y,Y,Y,28.9,167.6,81.2,2012-10-28,2013-04-28,183
01-701-1415,701,Placebo,Placebo,0,85,>80,M,WHITE,Y,Y,Y,25,175.3,76.7,2013-09-23,2014-03-24,183
01-701-1429,701,Xanomeline Low Dose,Xanomeline Low Dose,54,84,>80,F,WHITE,Y,Y,Y,25.7,148.6,56.7,2013-03-19,2013-04-30,43
01-701-1440,701,Placebo,Placebo,0,70,65-80,M,WHITE,Y,Y,Y,20.2,156.2,49.4,2013-08-08,2014-02-05,182
01-701-1442,701,Xanomeline Low Dose,Xanomeline Low Dose,54,57,<65,F,BLACK OR AFRICAN AMERICAN,Y,Y,Y,40.1,162.6,106.1,2013-10-26,2014-04-26,183
01-701-1444,701,Xanomeline High Dose,Xanomeline High Dose,81,63,<65,M,WHITE,Y,Y,Y,34.5,171.5,101.6,2013-01-05,2013-02-12,39
01-702-1082,702,Xanomeline Low Dose,Xanomeline Low Dose,54,84,>80,F,WHITE,Y,Y,Y,NA,154.9,NA,2013-07-26,2013-10-13,80
01-703-1042,703,Placebo,Placebo,0,64,<65,M,WHITE,Y,Y,Y,23.5,177.8,74.4,2013-03-02,2013-08-31,183
01-703-1076,703,Xanomeline High Dose,Xanomeline High Dose,81,69,65-80,M,WHITE,Y,Y,Y,32,165.1,87.1,2013-10-25,2013-12-24,61
01-703-1086,703,Xanomeline Low Dose,Xanomeline Low Dose,54,71,65-80,M,WHITE,Y,Y,Y,25,195.6,95.7,2012-09-02,2012-12-04,94
01-703-1096,703,Placebo,Placebo,0,81,>80,F,WHITE,Y,Y,N,31.7,160,81.2,2013-01-25,2013-03-16,51
01-703-1100,703,Placebo,Placebo,0,84,>80,F,WHITE,Y,Y,Y,21.8,167.6,61.2,2013-03-13,2013-09-14,186
01-703-1119,703,Xanomeline Low Dose,Xanomeline Low Dose,54,81,>80,F,WHITE,Y,Y,Y,18.4,160,47.2,2013-02-20,2013-06-13,114
01-703-1175,703,Placebo,Placebo,0,75,65-80,M,WHITE,Y,Y,Y,26.6,170.2,77.1,2013-12-20,2013-12-26,7
01-703-1182,703,Xanomeline Low Dose,Xanomeline Low Dose,54,84,>80,M,WHITE,Y,Y,Y,22.8,172.7,68,2013-10-17,2013-12-11,56
01-703-1197,703,Xanomeline Low Dose,Xanomeline Low Dose,54,76,65-80,F,BLACK OR AFRICAN AMERICAN,Y,Y,Y,38.6,162.6,102.1,2013-06-16,2013-06-29,14
01-703-1210,703,Placebo,Placebo,0,72,65-80,F,WHITE,Y,Y,Y,23.8,144.8,49.9,2013-03-16,2013-09-06,175
01-703-1258,703,Xanomeline High Dose,Xanomeline High Dose,81,78,65-80,F,WHITE,Y,Y,Y,24.8,154.9,59.4,2012-07-20,2013-01-11,176
01-703-1279,703,Xanomeline Low Dose,Xanomeline Low Dose,54,72,65-80,F,WHITE,Y,Y,N,21.1,162.6,55.8,2013-05-13,2013-06-03,22
01-703-1295,703,Xanomeline High Dose,Xanomeline High Dose,81,88,>80,F,WHITE,Y,Y,Y,22.7,157.5,56.3,2013-11-21,2014-04-19,150
01-703-1299,703,Placebo,Placebo,0,81,>80,F,WHITE,Y,Y,Y,19.2,153.7,45.4,2012-09-12,2013-03-13,183
01-703-1335,703,Xanomeline High Dose,Xanomeline High Dose,81,67,65-80,F,BLACK OR AFRICAN AMERICAN,Y,Y,Y,23,154.9,55.3,2014-03-17,2014-05-07,52
01-703-1379,703,Xanomeline Low Dose,Xanomeline Low Dose,54,81,>80,F,BLACK OR AFRICAN AMERICAN,Y,Y,Y,30.7,157.5,76.2,2013-09-22,2014-03-21,181
01-703-1403,703,Xanomeline High Dose,Xanomeline High Dose,81,67,65-80,M,WHITE,Y,Y,N,25.4,177.8,80.3,2012-12-12,2012-12-13,2
01-703-1439,703,Xanomeline High Dose,Xanomeline High Dose,81,76,65-80,F,WHITE,Y,Y,Y,24.8,160,63.5,2014-03-12,2014-09-11,184
01-704-1008,704,Xanomeline High Dose,Xanomeline High Dose,81,76,65-80,F,WHITE,Y,Y,Y,21.3,148,46.7,2013-01-13,2013-02-21,40
01-704-1009,704,Xanomeline Low Dose,Xanomeline Low Dose,54,83,>80,M,WHITE,Y,Y,Y,20.8,179.1,66.7,2013-08-27,2013-09-25,30
01-704-1010,704,Placebo,Placebo,0,80,65-80,M,WHITE,Y,Y,Y,25.6,177.8,81,2014-02-21,2014-07-08,138
01-704-1017,704,Xanomeline High Dose,Xanomeline High Dose,81,77,65-80,M,WHITE,Y,Y,Y,21.8,170.2,63.1,2013-10-06,2013-11-18,44
01-704-1025,704,Xanomeline Low Dose,Xanomeline Low Dose,54,81,>80,F,WHITE,Y,Y,Y,20.1,166,55.5,2013-09-27,2013-10-24,28
01-704-1065,704,Xanomeline High Dose,Xanomeline High Dose,81,75,65-80,M,WHITE,Y,Y,Y,24.8,180.3,80.7,2013-10-24,2013-12-22,60
01-704-1074,704,Xanomeline High Dose,Xanomeline High Dose,81,80,65-80,F,WHITE,Y,Y,Y,27,167.6,75.8,2014-01-22,2014-03-20,58
01-704-1093,704,Xanomeline High Dose,Xanomeline High Dose,81,79,65-80,M,WHITE,Y,Y,Y,24.3,174,73.5,2013-03-15,2013-06-17,95
01-704-1114,704,Xanomeline Low Dose,Xanomeline Low Dose,54,77,65-80,M,WHITE,Y,Y,Y,28.1,166.4,77.8,2013-01-23,2013-07-07,166
01-704-1120,704,Xanomeline Low Dose,Xanomeline Low Dose,54,71,65-80,F,WHITE,Y,Y,Y,23.9,147,51.7,2013-12-02,2014-02-01,62
01-704-1127,704,Placebo,Placebo,0,84,>80,F,WHITE,Y,Y,Y,15.1,165.1,41.1,2013-10-02,2014-03-31,181
01-704-1135,704,Xanomeline Low Dose,Xanomeline Low Dose,54,74,65-80,F,WHITE,Y,Y,Y,24.6,161.8,64.4,2013-10-31,2014-05-16,198
01-704-1164,704,Placebo,Placebo,0,67,65-80,F,WHITE,Y,Y,Y,20.1,157.5,49.9,2012-09-19,2013-04-04,198
01-704-1218,704,Xanomeline Low Dose,Xanomeline Low Dose,54,81,>80,F,WHITE,Y,Y,Y,26.2,144,54.4,2012-11-19,2013-05-27,190
01-704-1233,704,Placebo,Placebo,0,87,>80,F,WHITE,Y,Y,Y,21.3,147.3,46.3,2013-03-21,2013-07-14,116
01-704-1241,704,Xanomeline High Dose,Xanomeline High Dose,81,86,>80,M,WHITE,Y,Y,Y,25.2,170.2,73,2013-08-25,2013-10-09,46
01-704-1260,704,Placebo,Placebo,0,71,65-80,F,WHITE,Y,Y,Y,19.1,160,48.8,2012-08-30,2012-11-04,67
01-704-1266,704,Xanomeline High Dose,Xanomeline High Dose,81,82,>80,M,WHITE,Y,Y,Y,29.2,174,88.5,2013-10-13,2013-12-06,55
01-704-1323,704,Xanomeline Low Dose,Xanomeline Low Dose,54,68,65-80,F,WHITE,Y,Y,N,22.7,162.6,59.9,2013-07-08,2013-08-05,29
01-704-1325,704,Xanomeline Low Dose,Xanomeline Low Dose,54,81,>80,M,WHITE,Y,Y,Y,22.3,175.3,68.5,2014-04-23,2014-07-04,73
01-704-1332,704,Xanomeline High Dose,Xanomeline High Dose,81,80,65-80,M,WHITE,Y,Y,Y,26.2,173,78.5,2013-12-09,2014-02-14,68
01-704-1351,704,Placebo,Placebo,0,70,65-80,M,WHITE,Y,Y,Y,23.9,175.3,73.5,2013-10-12,2014-04-18,189
01-704-1388,704,Placebo,Placebo,0,81,>80,M,WHITE,Y,Y,Y,18.8,176.5,58.5,2012-12-07,2013-06-11,187
01-704-1435,704,Placebo,Placebo,0,74,65-80,M,WHITE,Y,Y,Y,27.1,167.6,76.2,2012-11-17,2013-01-09,54
01-704-1445,704,Placebo,Placebo,0,75,65-80,M,WHITE,Y,Y,Y,22.8,177.8,72.1,2014-05-11,2014-11-01,175
01-705-1018,705,Placebo,Placebo,0,69,65-80,F,WHITE,Y,Y,N,22.6,147.3,49,2013-07-05,2013-07-12,8
01-705-1031,705,Xanomeline Low Dose,Xanomeline Low Dose,54,56,<65,F,WHITE,Y,Y,Y,28.9,157.5,71.7,2013-11-27,2014-05-11,166
01-705-1059,705,Placebo,Placebo,0,66,65-80,F,WHITE,Y,Y,Y,20.4,162.6,54,2013-08-05,2013-12-05,123
01-705-1186,705,Placebo,Placebo,0,84,>80,F,WHITE,Y,Y,N,19.7,142.2,39.9,2014-01-08,2014-01-26,19
01-705-1199,705,Xanomeline Low Dose,Xanomeline Low Dose,54,87,>80,M,WHITE,Y,Y,Y,24.8,161.3,64.4,2013-09-16,2013-09-28,13
01-705-1280,705,Xanomeline High Dose,Xanomeline High Dose,81,56,<65,F,WHITE,Y,Y,Y,28,157.5,69.4,2014-01-17,2014-07-25,190
01-705-1281,705,Xanomeline High Dose,Xanomeline High Dose,81,73,65-80,F,BLACK OR AFRICAN AMERICAN,Y,Y,Y,31.4,152.4,73,2013-11-28,2014-02-27,92
01-705-1282,705,Placebo,Placebo,0,70,65-80,F,BLACK OR AFRICAN AMERICAN,Y,Y,Y,30.4,154.9,73,2012-12-26,2013-06-24,181
01-705-1292,705,Xanomeline Low Dose,Xanomeline Low Dose,54,60,<65,F,BLACK OR AFRICAN AMERICAN,Y,Y,Y,26.8,167.6,75.3,2013-10-14,2014-05-13,212
01-705-1303,705,Xanomeline High Dose,Xanomeline High Dose,81,72,65-80,M,WHITE,Y,Y,Y,27.5,175.3,84.4,2013-12-16,2014-06-02,169
01-705-1310,705,Xanomeline High Dose,Xanomeline High Dose,81,74,65-80,F,WHITE,Y,Y,Y,22.7,146.1,48.5,2013-11-02,2014-01-23,83
01-705-1349,705,Placebo,Placebo,0,86,>80,F,WHITE,Y,Y,Y,21.2,144.8,44.5,2013-03-10,2013-09-08,183
01-705-1377,705,Xanomeline High Dose,Xanomeline High Dose,81,63,<65,F,BLACK OR AFRICAN AMERICAN,Y,Y,N,21,165.1,57.2,2014-01-04,2014-03-07,63
01-705-1382,705,Xanomeline High Dose,Xanomeline High Dose,81,82,>80,M,WHITE,Y,Y,N,33.2,170.2,96.2,2013-05-13,2013-05-13,1
01-705-1393,705,Xanomeline Low Dose,Xanomeline Low Dose,54,84,>80,F,WHITE,Y,Y,Y,26.9,144.8,56.3,2012-09-07,2013-02-01,148
01-705-1431,705,Xanomeline Low Dose,Xanomeline Low Dose,54,68,65-80,F,WHITE,Y,Y,Y,24.2,149.9,54.4,2013-06-23,2013-12-19,180
01-706-1041,706,Placebo,Placebo,0,64,<65,F,BLACK OR AFRICAN AMERICAN,Y,Y,Y,20.9,167.6,58.7,2013-12-31,2014-07-28,210
01-706-1049,706,Xanomeline High Dose,Xanomeline High Dose,81,60,<65,F,WHITE,Y,Y,Y,20.6,167.6,57.8,2013-05-14,2013-06-18,36
01-706-1384,706,Xanomeline Low Dose,Xanomeline Low Dose,54,74,65-80,F,WHITE,Y,Y,Y,30.6,157.5,76,2012-09-15,2012-09-24,10
01-707-1037,707,Xanomeline Low Dose,Xanomeline Low Dose,54,72,65-80,F,WHITE,Y,Y,Y,23.8,152.4,55.3,2013-12-20,2013-12-24,5
01-707-1206,707,Placebo,Placebo,0,65,65-80,M,WHITE,Y,Y,Y,24.6,174,74.4,2013-10-28,2014-04-26,181
01-708-1019,708,Xanomeline Low Dose,Xanomeline Low Dose,54,68,65-80,M,WHITE,Y,Y,Y,22.2,182.9,74.4,2013-12-20,2014-01-01,13
01-708-1032,708,Xanomeline Low Dose,Xanomeline Low Dose,54,62,<65,M,WHITE,Y,Y,Y,26.1,177.8,82.6,2013-02-09,2013-03-01,21
01-708-1084,708,Xanomeline Low Dose,Xanomeline Low Dose,54,73,65-80,F,WHITE,Y,Y,Y,17.9,167.6,50.4,2013-05-09,2013-11-11,187
01-708-1087,708,Placebo,Placebo,0,74,65-80,F,WHITE,Y,Y,Y,26.9,157.5,66.7,2012-10-22,2013-04-28,189
01-708-1158,708,Placebo,Placebo,0,81,>80,F,WHITE,Y,Y,Y,27.8,162.6,73.5,2014-02-08,2014-03-21,42
01-708-1171,708,Placebo,Placebo,0,77,65-80,F,WHITE,Y,Y,Y,20.8,162.6,54.9,2012-12-06,2013-06-04,181
01-708-1178,708,Xanomeline High Dose,Xanomeline High Dose,81,77,65-80,F,BLACK OR AFRICAN AMERICAN,Y,Y,Y,23,165.1,62.8,2013-12-29,2014-04-06,99
01-708-1213,708,Xanomeline High Dose,Xanomeline High Dose,81,76,65-80,F,WHITE,Y,Y,N,15.3,165.1,41.7,2013-02-09,2013-02-22,14
01-708-1216,708,Xanomeline High Dose,Xanomeline High Dose,81,78,65-80,M,WHITE,Y,Y,Y,25.9,172.7,77.1,2012-10-24,2012-11-29,37
01-708-1236,708,Xanomeline High Dose,Xanomeline High Dose,81,86,>80,F,WHITE,Y,Y,N,23.4,152.4,54.4,2013-09-21,2013-09-21,1
01-708-1253,708,Placebo,Placebo,0,61,<65,M,WHITE,Y,Y,Y,22.1,185.4,75.8,2013-05-07,2013-11-05,183
01-708-1272,708,Xanomeline Low Dose,Xanomeline Low Dose,54,82,>80,M,WHITE,Y,Y,Y,24.9,172.7,74.4,2013-02-06,2013-03-22,45
01-708-1286,708,Placebo,Placebo,0,80,65-80,F,BLACK OR AFRICAN AMERICAN,Y,Y,Y,32.8,152.4,76.2,2013-09-10,2014-03-08,180
01-708-1296,708,Placebo,Placebo,0,57,<65,M,BLACK OR AFRICAN AMERICAN,Y,Y,Y,27.9,170.2,80.7,2013-06-14,2013-12-12,182
01-708-1297,708,Xanomeline Low Dose,Xanomeline Low Dose,54,61,<65,M,WHITE,Y,Y,Y,23,185.4,78.9,2013-01-25,2013-05-03,99
01-708-1316,708,Placebo,Placebo,0,74,65-80,F,WHITE,Y,Y,Y,23.4,160,59.9,2013-08-23,2014-03-01,191
01-708-1336,708,Xanomeline High Dose,Xanomeline High Dose,81,73,65-80,M,WHITE,Y,Y,Y,24.1,190.5,87.5,2012-12-07,2013-06-05,181
01-708-1342,708,Placebo,Placebo,0,59,<65,F,WHITE,Y,Y,Y,20.4,170.2,59,2012-12-29,2013-06-28,182
01-708-1347,708,Xanomeline High Dose,Xanomeline High Dose,81,61,<65,F,WHITE,Y,Y,Y,29.2,160,74.8,2013-04-20,2013-06-18,60
01-708-1348,708,Xanomeline Low Dose,Xanomeline Low Dose,54,79,65-80,F,WHITE,Y,Y,Y,23.6,160,60.3,2013-08-05,2014-02-13,193
01-708-1353,708,Xanomeline Low Dose,Xanomeline Low Dose,54,87,>80,F,BLACK OR AFRICAN AMERICAN,Y,Y,Y,20.3,157.5,50.4,2013-07-04,2013-08-28,56
01-708-1372,708,Xanomeline High Dose,Xanomeline High Dose,81,84,>80,M,WHITE,Y,Y,N,30.7,170.2,88.9,2013-04-12,2013-04-19,8
01-708-1378,708,Placebo,Placebo,0,67,65-80,M,BLACK OR AFRICAN AMERICAN,Y,Y,Y,24.3,170.2,70.3,2013-09-03,2014-01-28,148
01-708-1406,708,Xanomeline High Dose,Xanomeline High Dose,81,71,65-80,F,WHITE,Y,Y,Y,22.1,157.5,54.9,2013-12-26,2014-07-02,189
01-708-1428,708,Xanomeline Low Dose,Xanomeline Low Dose,54,84,>80,F,WHITE,Y,Y,Y,23.8,157.5,59,2013-11-09,2013-12-14,36
01-709-1001,709,Placebo,Placebo,0,76,65-80,F,WHITE,Y,Y,Y,25.2,170.2,73,2013-10-08,2014-04-08,183
01-709-1007,709,Xanomeline Low Dose,Xanomeline Low Dose,54,54,<65,F,WHITE,Y,Y,N,23.8,158.8,59.9,2012-07-31,2012-08-28,29
01-709-1020,709,Xanomeline Low Dose,Xanomeline Low Dose,54,72,65-80,F,WHITE,Y,Y,Y,25.9,144.8,54.4,2012-12-01,2013-06-01,183
01-709-1029,709,Xanomeline High Dose,Xanomeline High Dose,81,82,>80,M,WHITE,Y,Y,Y,23.1,172.7,69,2012-12-25,2013-06-26,184
01-709-1081,709,Xanomeline Low Dose,Xanomeline Low Dose,54,86,>80,F,WHITE,Y,Y,Y,23.5,154.9,56.5,2014-01-18,2014-04-27,100
01-709-1088,709,Placebo,Placebo,0,69,65-80,M,WHITE,Y,Y,Y,24.8,179.1,79.4,2014-04-12,2014-10-09,181
01-709-1099,709,Xanomeline High Dose,Xanomeline High Dose,81,79,65-80,F,WHITE,Y,Y,Y,19.6,165.1,53.5,2013-10-25,2014-04-25,183
01-709-1102,709,Xanomeline Low Dose,Xanomeline Low Dose,54,71,65-80,F,WHITE,Y,Y,Y,32.1,166.4,88.9,2013-01-15,2013-03-27,72
01-709-1168,709,Xanomeline High Dose,Xanomeline High Dose,81,72,65-80,F,WHITE,Y,Y,Y,27.6,149.9,62.1,2013-08-02,2013-09-26,56
01-709-1217,709,Xanomeline Low Dose,Xanomeline Low Dose,54,77,65-80,M,WHITE,Y,Y,Y,23.1,171.5,68,2013-03-04,2013-06-11,100
01-709-1238,709,Xanomeline High Dose,Xanomeline High Dose,81,69,65-80,M,WHITE,Y,Y,Y,28.5,170.2,82.6,2013-05-15,2013-08-06,84
01-709-1259,709,Placebo,Placebo,0,82,>80,M,WHITE,Y,Y,Y,21.9,172.7,65.3,2013-01-26,2013-06-13,139
01-709-1285,709,Xanomeline Low Dose,Xanomeline Low Dose,54,87,>80,M,WHITE,Y,Y,Y,23.1,167.6,64.9,2013-03-24,2013-05-23,61
01-709-1301,709,Placebo,Placebo,0,62,<65,F,WHITE,Y,Y,Y,23.6,146.1,50.4,2013-07-19,2014-01-17,183
01-709-1306,709,Placebo,Placebo,0,60,<65,F,WHITE,Y,Y,Y,18.5,154.9,44.5,2014-02-03,2014-06-16,134
01-709-1309,709,Xanomeline High Dose,Xanomeline High Dose,81,65,65-80,M,WHITE,Y,Y,Y,24.8,177.8,78.5,2013-06-19,2013-12-19,184
01-709-1312,709,Placebo,Placebo,0,68,65-80,F,WHITE,Y,Y,Y,20.9,160,53.5,2014-04-20,2014-10-19,183
01-709-1326,709,Xanomeline Low Dose,Xanomeline Low Dose,54,75,65-80,F,WHITE,Y,Y,Y,28.7,161.3,74.8,2013-04-05,2013-10-02,181
01-709-1329,709,Xanomeline High Dose,Xanomeline High Dose,81,70,65-80,M,WHITE,Y,Y,Y,26.5,170.2,76.7,2013-08-15,2013-08-25,11
01-709-1339,709,Placebo,Placebo,0,81,>80,M,WHITE,Y,Y,Y,25.4,175.3,78,2012-12-23,2013-06-24,184
01-709-1424,709,Xanomeline High Dose,Xanomeline High Dose,81,77,65-80,M,WHITE,Y,Y,Y,22.6,174,68.5,2013-03-03,2013-03-07,5
01-710-1002,710,Xanomeline Low Dose,Xanomeline Low Dose,54,88,>80,M,WHITE,Y,Y,Y,25.8,165.1,70.3,2014-01-14,2014-01-18,5
01-710-1006,710,Xanomeline High Dose,Xanomeline High Dose,81,77,65-80,M,WHITE,Y,Y,Y,25.1,170.2,72.6,2013-02-10,2013-08-09,181
01-710-1021,710,Xanomeline High Dose,Xanomeline High Dose,81,79,65-80,M,BLACK OR AFRICAN AMERICAN,Y,Y,N,21.3,162.6,56.3,2013-09-27,2013-10-29,33
01-710-1027,710,Placebo,Placebo,0,83,>80,M,WHITE,Y,Y,Y,24.4,170.2,70.8,2014-02-28,2014-08-29,183
01-710-1045,710,Xanomeline Low Dose,Xanomeline Low Dose,54,83,>80,F,WHITE,Y,Y,Y,22,162.6,58.1,2013-06-03,2013-08-13,72
01-710-1053,710,Xanomeline Low Dose,Xanomeline Low Dose,54,84,>80,F,WHITE,Y,Y,Y,20.8,157.5,51.7,2012-12-26,2013-02-10,47
01-710-1060,710,Placebo,Placebo,0,82,>80,M,WHITE,Y,Y,Y,21,182.9,70.3,2013-01-01,2013-07-05,186
01-710-1070,710,Xanomeline High Dose,Xanomeline High Dose,81,85,>80,F,WHITE,Y,Y,Y,21.8,149.9,49,2012-09-08,2013-01-22,137
01-710-1077,710,Placebo,Placebo,0,76,65-80,F,WHITE,Y,Y,Y,18.5,162.6,49,2013-11-17,2014-05-18,183
01-710-1078,710,Placebo,Placebo,0,81,>80,F,WHITE,Y,Y,Y,18,152.4,41.7,2013-09-17,2014-03-23,188
01-710-1083,710,Placebo,Placebo,0,89,>80,F,WHITE,Y,Y,N,19,157.5,47.2,2013-07-22,2013-08-01,11
01-710-1137,710,Xanomeline High Dose,Xanomeline High Dose,81,79,65-80,F,BLACK OR AFRICAN AMERICAN,Y,Y,N,24,165.1,65.3,2013-10-11,2013-11-13,34
01-710-1142,710,Xanomeline High Dose,Xanomeline High Dose,81,76,65-80,F,WHITE,Y,Y,Y,24.8,152.4,57.6,2012-10-02,2012-10-20,19
01-710-1154,710,Xanomeline Low Dose,Xanomeline Low Dose,54,84,>80,M,WHITE,Y,Y,Y,32.3,160,82.6,2014-03-29,2014-04-27,30
01-710-1166,710,Xanomeline Low Dose,Xanomeline Low Dose,54,81,>80,F,WHITE,Y,Y,Y,22.1,157.5,54.9,2012-11-30,2013-03-19,110
01-710-1183,710,Placebo,Placebo,0,80,65-80,F,WHITE,Y,Y,Y,21.2,149.9,47.6,2013-11-16,2014-05-17,183
01-710-1187,710,Xanomeline High Dose,Xanomeline High Dose,81,78,65-80,F,WHITE,Y,Y,Y,20.8,154.9,49.9,2012-11-10,2013-05-12,184
01-710-1235,710,Xanomeline Low Dose,Xanomeline Low Dose,54,56,<65,F,WHITE,Y,Y,Y,33,170.2,95.7,2012-09-26,2013-03-27,183
01-710-1249,710,Xanomeline High Dose,Xanomeline High Dose,81,79,65-80,M,WHITE,Y,Y,Y,25.4,177.8,80.3,2013-12-28,2014-06-28,183
01-710-1264,710,Placebo,Placebo,0,78,65-80,M,WHITE,Y,Y,Y,29.1,167.6,81.7,2013-06-13,2013-10-11,121
01-710-1270,710,Xanomeline Low Dose,Xanomeline Low Dose,54,83,>80,F,WHITE,Y,Y,Y,25.6,149.9,57.6,2014-02-12,2014-03-01,18
01-710-1271,710,Placebo,Placebo,0,86,>80,F,WHITE,Y,Y,N,21.2,149.9,47.6,2012-09-27,2012-11-21,56
01-710-1278,710,Xanomeline High Dose,Xanomeline High Dose,81,81,>80,M,WHITE,Y,Y,Y,22.7,177.8,71.7,2012-12-24,2013-02-26,65
01-710-1300,710,Xanomeline Low Dose,Xanomeline Low Dose,54,78,65-80,F,WHITE,Y,Y,Y,20.1,152.4,46.7,2012-12-15,2013-02-15,63
01-710-1314,710,Placebo,Placebo,0,78,65-80,F,WHITE,Y,Y,N,22.6,137.2,42.6,2013-04-24,2013-05-23,30
01-710-1315,710,Placebo,Placebo,0,83,>80,F,WHITE,Y,Y,Y,24.2,152.4,56.3,2013-02-27,2013-07-06,130
01-710-1354,710,Xanomeline High Dose,Xanomeline High Dose,81,73,65-80,M,WHITE,Y,Y,Y,26.7,182.9,89.4,2012-11-11,2013-05-01,172
01-710-1358,710,Xanomeline Low Dose,Xanomeline Low Dose,54,82,>80,M,WHITE,Y,Y,Y,31.1,162.6,82.1,2012-09-17,2013-02-09,146
01-710-1368,710,Placebo,Placebo,0,88,>80,F,WHITE,Y,Y,Y,15.7,147.3,34,2013-10-23,2014-04-24,184
01-710-1385,710,Xanomeline Low Dose,Xanomeline Low Dose,54,77,65-80,M,WHITE,Y,Y,Y,25.2,182.9,84.4,2012-10-29,2013-02-18,113
01-710-1408,710,Xanomeline High Dose,Xanomeline High Dose,81,80,65-80,M,WHITE,Y,Y,Y,34.2,177.8,108,2013-01-05,2013-07-12,189
01-711-1012,711,Xanomeline High Dose,Xanomeline High Dose,81,67,65-80,F,WHITE,Y,Y,Y,28,170.2,81,2013-04-03,2013-04-29,27
01-711-1036,711,Placebo,Placebo,0,70,65-80,M,BLACK OR AFRICAN AMERICAN,Y,Y,Y,23.4,172,69.2,2012-07-29,2013-02-10,197
01-711-1143,711,Xanomeline Low Dose,Xanomeline Low Dose,54,76,65-80,F,WHITE,Y,Y,Y,24.3,163.1,64.6,2013-04-03,2013-05-30,58
01-711-1433,711,Xanomeline High Dose,Xanomeline High Dose,81,84,>80,F,WHITE,Y,Y,N,20.9,157.5,51.9,2013-01-27,2013-02-05,10
01-713-1043,713,Xanomeline Low Dose,Xanomeline Low Dose,54,78,65-80,F,WHITE,Y,Y,Y,18.8,165.1,51.3,2013-09-15,2014-03-24,191
01-713-1073,713,Xanomeline Low Dose,Xanomeline Low Dose,54,74,65-80,F,BLACK OR AFRICAN AMERICAN,Y,Y,Y,20.3,167.6,56.9,2014-03-30,2014-10-05,190
01-713-1106,713,Xanomeline High Dose,Xanomeline High Dose,81,74,65-80,M,WHITE,Y,Y,Y,19.6,164.8,53.1,2012-10-31,2013-05-06,188
01-713-1141,713,Xanomeline High Dose,Xanomeline High Dose,81,79,65-80,M,WHITE,Y,Y,N,23.5,170,68,2013-05-31,2013-07-01,32
01-713-1179,713,Placebo,Placebo,0,64,<65,F,WHITE,Y,Y,Y,20.3,165.1,55.3,2013-08-09,2014-02-05,181
01-713-1209,713,Xanomeline High Dose,Xanomeline High Dose,81,77,65-80,F,WHITE,Y,Y,Y,19.2,165.1,52.2,2013-05-27,2013-11-22,180
01-713-1256,713,Placebo,Placebo,0,71,65-80,M,WHITE,Y,Y,Y,23.7,180.3,77.1,2012-09-19,2013-03-25,188
01-713-1269,713,Placebo,Placebo,0,73,65-80,M,WHITE,Y,Y,Y,21.9,185.4,75.3,2014-01-27,2014-07-28,183
01-713-1448,713,Xanomeline Low Dose,Xanomeline Low Dose,54,71,65-80,F,WHITE,Y,Y,Y,25.5,175.3,78.5,2014-01-19,2014-05-16,118
01-714-1035,714,Placebo,Placebo,0,88,>80,F,WHITE,Y,Y,Y,24.6,148.6,54.4,2014-04-17,2014-10-16,183
01-714-1068,714,Xanomeline Low Dose,Xanomeline Low Dose,54,79,65-80,F,WHITE,Y,Y,Y,23,153.7,54.4,2013-08-08,2013-10-08,62
01-714-1195,714,Xanomeline Low Dose,Xanomeline Low Dose,54,75,65-80,M,WHITE,Y,Y,Y,28.7,172.7,85.7,2013-04-26,2013-10-23,181
01-714-1288,714,Xanomeline High Dose,Xanomeline High Dose,81,77,65-80,M,BLACK OR AFRICAN AMERICAN,Y,Y,Y,18.7,162.6,49.4,2013-12-04,2014-06-17,196
01-714-1375,714,Placebo,Placebo,0,78,65-80,F,WHITE,Y,Y,Y,25.6,149.9,57.6,2013-02-26,2013-09-07,194
01-714-1425,714,Xanomeline High Dose,Xanomeline High Dose,81,81,>80,M,WHITE,Y,Y,Y,29,177.8,91.6,2013-08-15,2013-08-19,5
01-715-1085,715,Xanomeline Low Dose,Xanomeline Low Dose,54,77,65-80,F,WHITE,Y,Y,Y,21.8,162.6,57.6,2013-02-16,2013-08-18,184
01-715-1107,715,Xanomeline Low Dose,Xanomeline Low Dose,54,65,65-80,M,WHITE,Y,Y,Y,23.3,172.7,69.4,2013-02-26,2013-05-07,71
01-715-1155,715,Placebo,Placebo,0,59,<65,F,WHITE,Y,Y,N,23.3,165.1,63.5,2013-12-13,2014-01-25,44
01-715-1207,715,Placebo,Placebo,0,78,65-80,F,WHITE,Y,Y,Y,21.3,152.4,49.4,2012-11-18,2013-05-27,191
01-715-1319,715,Xanomeline High Dose,Xanomeline High Dose,81,65,65-80,M,WHITE,Y,Y,Y,25.4,172.7,75.8,2013-02-17,2013-03-05,17
01-715-1321,715,Xanomeline High Dose,Xanomeline High Dose,81,75,65-80,F,WHITE,Y,Y,Y,22.7,162.6,59.9,2014-02-11,2014-04-21,70
01-715-1397,715,Placebo,Placebo,0,76,65-80,F,WHITE,Y,Y,Y,28.9,152.4,67.1,2013-04-03,2013-10-02,183
01-715-1405,715,Xanomeline Low Dose,Xanomeline Low Dose,54,69,65-80,M,WHITE,Y,Y,Y,21.5,180.3,69.9,2013-07-06,2013-07-07,2
01-716-1024,716,Placebo,Placebo,0,87,>80,F,WHITE,Y,Y,Y,22.7,154.9,54.4,2012-07-09,2013-01-20,196
01-716-1026,716,Placebo,Placebo,0,73,65-80,F,WHITE,Y,Y,Y,33.3,154.9,79.8,2014-04-02,2014-10-16,198
01-716-1030,716,Xanomeline High Dose,Xanomeline High Dose,81,83,>80,F,WHITE,Y,Y,Y,33.2,150.6,75.3,2013-12-28,2014-01-02,6
01-716-1044,716,Placebo,Placebo,0,74,65-80,M,WHITE,Y,Y,Y,28.9,172.7,86.2,2013-04-27,2013-11-03,191
01-716-1063,716,Xanomeline Low Dose,Xanomeline Low Dose,54,80,65-80,M,WHITE,Y,Y,Y,28.4,160,72.6,2013-05-09,2013-08-25,109
01-716-1071,716,Xanomeline High Dose,Xanomeline High Dose,81,78,65-80,F,WHITE,Y,Y,Y,32,154.9,76.7,2013-06-08,2013-08-01,55
01-716-1094,716,Xanomeline Low Dose,Xanomeline Low Dose,54,82,>80,M,WHITE,Y,Y,Y,28.3,168.9,80.7,2012-12-19,2013-01-24,37
01-716-1103,716,Xanomeline Low Dose,Xanomeline Low Dose,54,79,65-80,M,WHITE,Y,Y,Y,25.6,165.1,69.9,2014-03-20,2014-09-20,185
01-716-1108,716,Placebo,Placebo,0,86,>80,F,WHITE,Y,Y,Y,26,142.2,52.6,2013-02-12,2013-08-10,180
01-716-1151,716,Xanomeline Low Dose,Xanomeline Low Dose,54,83,>80,F,WHITE,Y,Y,Y,19.7,152.4,45.8,2013-02-01,2013-05-11,100
01-716-1157,716,Xanomeline Low Dose,Xanomeline Low Dose,54,85,>80,M,WHITE,Y,Y,Y,23.2,160,59.4,2013-10-02,2014-04-04,185
01-716-1160,716,Placebo,Placebo,0,83,>80,F,WHITE,Y,Y,Y,24.1,157.5,59.9,2013-04-05,2013-10-11,190
01-716-1167,716,Xanomeline Low Dose,Xanomeline Low Dose,54,68,65-80,M,WHITE,Y,Y,Y,24.8,158.8,62.6,2012-10-08,2013-04-12,187
01-716-1177,716,Placebo,Placebo,0,72,65-80,M,WHITE,Y,Y,Y,27.3,177.8,86.2,2014-09-02,2015-03-05,185
01-716-1189,716,Xanomeline High Dose,Xanomeline High Dose,81,81,>80,M,WHITE,Y,Y,Y,27.4,163.8,73.5,2012-10-09,2013-02-27,142
01-716-1229,716,Xanomeline High Dose,Xanomeline High Dose,81,73,65-80,F,WHITE,Y,Y,Y,24.6,161.3,64,2013-02-20,2013-03-31,40
01-716-1298,716,Xanomeline Low Dose,Xanomeline Low Dose,54,76,65-80,F,WHITE,Y,Y,Y,29.4,156.2,71.7,2013-04-08,2013-06-28,82
01-716-1308,716,Placebo,Placebo,0,76,65-80,F,WHITE,Y,Y,Y,23.6,157.5,58.5,2013-08-28,2013-10-07,41
01-716-1311,716,Xanomeline Low Dose,Xanomeline Low Dose,54,78,65-80,M,WHITE,Y,Y,Y,27.1,172.7,80.7,2014-05-14,2014-09-21,131
01-716-1364,716,Xanomeline High Dose,Xanomeline High Dose,81,84,>80,F,WHITE,Y,Y,Y,20.4,162.6,54,2013-07-04,2014-01-09,190
01-716-1373,716,Xanomeline High Dose,Xanomeline High Dose,81,74,65-80,M,WHITE,Y,Y,Y,32,147.3,69.4,2012-12-14,2013-02-27,76
01-716-1418,716,Xanomeline High Dose,Xanomeline High Dose,81,80,65-80,F,WHITE,Y,Y,Y,25.3,165.1,69,2013-05-05,2013-11-20,200
01-716-1441,716,Placebo,Placebo,0,85,>80,M,WHITE,Y,Y,Y,27.5,144.8,57.6,2014-01-22,2014-07-22,182
01-716-1447,716,Xanomeline High Dose,Xanomeline High Dose,81,72,65-80,F,WHITE,Y,Y,Y,24.2,149.9,54.4,2013-12-16,2014-06-17,184
01-717-1004,717,Xanomeline Low Dose,Xanomeline Low Dose,54,80,65-80,F,WHITE,Y,Y,Y,30.2,135.9,55.8,2014-01-14,2014-07-16,184
01-717-1109,717,Xanomeline High Dose,Xanomeline High Dose,81,84,>80,M,WHITE,Y,Y,Y,13.7,180.3,44.5,2014-01-27,2014-07-28,183
01-717-1174,717,Xanomeline High Dose,Xanomeline High Dose,81,73,65-80,M,WHITE,Y,Y,Y,24.2,167.6,68,2013-01-22,2013-07-24,184
01-717-1201,717,Placebo,Placebo,0,85,>80,F,WHITE,Y,Y,Y,26.6,160,68,2013-12-19,2014-02-21,65
01-717-1344,717,Placebo,Placebo,0,64,<65,F,WHITE,Y,Y,Y,21.7,163.5,58.1,2014-01-11,2014-03-14,63
01-717-1357,717,Xanomeline High Dose,Xanomeline High Dose,81,77,65-80,M,WHITE,Y,Y,Y,24.7,181.6,81.3,2013-05-01,2013-10-14,167
01-717-1446,717,Xanomeline Low Dose,Xanomeline Low Dose,54,75,65-80,F,WHITE,Y,Y,Y,19.3,156.2,47.2,2013-09-01,2014-03-03,184
01-718-1066,718,Xanomeline Low Dose,Xanomeline Low Dose,54,79,65-80,F,WHITE,Y,Y,Y,20,158.8,50.4,2013-07-07,2013-07-16,10
01-718-1079,718,Xanomeline Low Dose,Xanomeline Low Dose,54,67,65-80,F,WHITE,Y,Y,Y,20,158.8,50.4,2012-09-19,2012-10-31,43
01-718-1101,718,Xanomeline High Dose,Xanomeline High Dose,81,82,>80,M,BLACK OR AFRICAN AMERICAN,Y,Y,Y,23.2,186.2,80.3,2013-02-17,2013-07-31,165
01-718-1139,718,Placebo,Placebo,0,77,65-80,M,WHITE,Y,Y,Y,22.4,171.5,65.8,2013-05-19,2013-11-17,183
01-718-1150,718,Placebo,Placebo,0,73,65-80,F,WHITE,Y,Y,Y,22.5,156.2,54.9,2013-01-19,2013-07-29,192
01-718-1170,718,Xanomeline Low Dose,Xanomeline Low Dose,54,80,65-80,F,WHITE,Y,Y,Y,21.8,162.6,57.6,2013-09-16,2013-10-12,27
01-718-1172,718,Placebo,Placebo,0,74,65-80,M,WHITE,Y,Y,Y,21.9,174,66.2,2013-09-21,2013-11-29,70
01-718-1250,718,Xanomeline Low Dose,Xanomeline Low Dose,54,82,>80,F,WHITE,Y,Y,Y,23.6,157.5,58.5,2013-09-21,2014-01-31,133
01-718-1254,718,Xanomeline Low Dose,Xanomeline Low Dose,54,78,65-80,M,WHITE,Y,Y,Y,28.3,170.2,82.1,2013-07-10,2014-01-09,184
01-718-1328,718,Xanomeline High Dose,Xanomeline High Dose,81,86,>80,M,WHITE,Y,Y,Y,21.9,170.2,63.5,2013-02-01,2013-04-18,77
01-718-1355,718,Placebo,Placebo,0,79,65-80,M,WHITE,Y,Y,Y,20.8,167.6,58.5,2013-02-28,2013-08-29,183
01-718-1371,718,Xanomeline High Dose,Xanomeline High Dose,81,69,65-80,F,WHITE,Y,Y,Y,27.8,154.9,66.7,2013-04-26,2013-08-01,98
01-718-1427,718,Xanomeline High Dose,Xanomeline High Dose,81,74,65-80,F,BLACK OR AFRICAN AMERICAN,Y,Y,Y,20.5,158.8,51.7,2012-12-17,2013-02-11,57
