USUBJID,actual_treatment,age,sex,analysis_time,event,censoring_indicator,event_description,parameter,parameter_code
01-701-1015,Placebo,63,F,2,1,0,Dematologic Event Occured,Time to First Dermatologic Event,TTDE
01-701-1023,Placebo,64,M,3,1,0,Dematologic Event Occured,Time to First Dermatologic Event,TTDE
01-701-1028,Xanomeline High Dose,71,M,3,1,0,Dematologic Event Occured,Time to First Dermatologic Event,TTDE
01-701-1033,Xanomeline Low Dose,74,M,28,0,1,Study Completion Date,Time to First Dermatologic Event,TTDE
01-701-1034,Xanomeline High Dose,77,F,58,1,0,Dematologic Event Occured,Time to First Dermatologic Event,TTDE
01-701-1047,Placebo,85,F,46,0,1,Study Completion Date,Time to First Dermatologic Event,TTDE
01-701-1097,Xanomeline Low Dose,68,M,3,1,0,Dematologic Event Occured,Time to First Dermatologic Event,TTDE
01-701-1111,Xanomeline Low Dose,81,F,11,0,1,Study Completion Date,Time to First Dermatologic Event,TTDE
01-701-1115,Xanomeline Low Dose,84,M,3,1,0,Dematologic Event Occured,Time to First Dermatologic Event,TTDE
01-701-1118,Placebo,52,M,182,0,1,Study Completion Date,Time to First Dermatologic Event,TTDE
01-701-1130,Placebo,84,M,97,1,0,Dematologic Event Occured,Time to First Dermatologic Event,TTDE
01-701-1133,Xanomeline High Dose,81,F,61,1,0,Dematologic Event Occured,Time to First Dermatologic Event,TTDE
01-701-1146,Xanomeline High Dose,75,F,13,1,0,Dematologic Event Occured,Time to First Dermatologic Event,TTDE
01-701-1148,Xanomeline High Dose,57,M,3,1,0,Dematologic Event Occured,Time to First Dermatologic Event,TTDE
01-701-1153,Placebo,79,F,191,0,1,Study Completion Date,Time to First Dermatologic Event,TTDE
01-701-1180,Xanomeline High Dose,56,M,36,1,0,Dematologic Event Occured,Time to First Dermatologic Event,TTDE
01-701-1181,Xanomeline High Dose,79,F,8,0,1,Study Completion Date,Time to First Dermatologic Event,TTDE
01-701-1188,Xanomeline Low Dose,71,M,2,1,0,Dematologic Event Occured,Time to First Dermatologic Event,TTDE
01-701-1192,Xanomeline Low Dose,80,F,17,1,0,Dematologic Event Occured,Time to First Dermatologic Event,TTDE
01-701-1203,Placebo,81,F,183,0,1,Study Completion Date,Time to First Dermatologic Event,TTDE
01-701-1211,Xanomeline Low Dose,76,F,2,1,0,Dematologic Event Occured,Time to First Dermatologic Event,TTDE
01-701-1234,Placebo,69,M,177,0,1,Study Completion Date,Time to First Dermatologic Event,TTDE
01-701-1239,Xanomeline High Dose,56,M,2,1,0,Dematologic Event Occured,Time to First Dermatologic Event,TTDE
01-701-1275,Xanomeline High Dose,61,M,18,1,0,Dematologic Event Occured,Time to First Dermatologic Event,TTDE
01-701-1287,Xanomeline High Dose,56,F,29,1,0,Dematologic Event Occured,Time to First Dermatologic Event,TTDE
01-701-1294,Xanomeline Low Dose,67,M,57,1,0,Dematologic Event Occured,Time to First Dermatologic Event,TTDE
01-701-1302,Xanomeline High Dose,61,M,2,1,0,Dematologic Event Occured,Time to First Dermatologic Event,TTDE
01-701-1317,Xanomeline Low Dose,68,M,33,1,0,Dematologic Event Occured,Time to First Dermatologic Event,TTDE
01-701-1324,Xanomeline Low Dose,79,M,21,1,0,Dematologic Event Occured,Time to First Dermatologic Event,TTDE
01-701-1341,Xanomeline Low Dose,51,M,15,1,0,Dematologic Event Occured,Time to First Dermatologic Event,TTDE
01-701-1345,Placebo,63,F,162,0,1,Study Completion Date,Time to First Dermatologic Event,TTDE
01-701-1360,Xanomeline High Dose,67,M,3,1,0,Dematologic Event Occured,Time to First Dermatologic Event,TTDE
01-701-1363,Placebo,81,F,48,1,0,Dematologic Event Occured,Time to First Dermatologic Event,TTDE
01-701-1383,Xanomeline High Dose,72,F,4,1,0,Dematologic Event Occured,Time to First Dermatologic Event,TTDE
01-701-1387,Placebo,87,F,14,0,1,Study Completion Date,Time to First Dermatologic Event,TTDE
01-701-1392,Placebo,78,M,183,0,1,Study Completion Date,Time to First Dermatologic Event,TTDE
01-701-1415,Placebo,85,M,183,0,1,Study Completion Date,Time to First Dermatologic Event,TTDE
01-701-1429,Xanomeline Low Dose,84,F,43,0,1,Study Completion Date,Time to First Dermatologic Event,TTDE
01-701-1440,Placebo,70,M,182,0,1,Study Completion Date,Time to First Dermatologic Event,TTDE
01-701-1442,Xanomeline Low Dose,57,F,77,1,0,Dematologic Event Occured,Time to First Dermatologic Event,TTDE
01-701-1444,Xanomeline High Dose,63,M,15,1,0,Dematologic Event Occured,Time to First Dermatologic Event,TTDE
01-702-1082,Xanomeline Low Dose,84,F,46,1,0,Dematologic Event Occured,Time to First Dermatologic Event,TTDE
01-703-1042,Placebo,64,M,183,0,1,Study Completion Date,Time to First Dermatologic Event,TTDE
01-703-1076,Xanomeline High Dose,69,M,30,1,0,Dematologic Event Occured,Time to First Dermatologic Event,TTDE
01-703-1086,Xanomeline Low Dose,71,M,12,1,0,Dematologic Event Occured,Time to First Dermatologic Event,TTDE
01-703-1096,Placebo,81,F,64,0,1,Study Completion Date,Time to First Dermatologic Event,TTDE
01-703-1100,Placebo,84,F,24,1,0,Dematologic Event Occured,Time to First Dermatologic Event,TTDE
01-703-1119,Xanomeline Low Dose,81,F,25,1,0,Dematologic Event Occured,Time to First Dermatologic Event,TTDE
01-703-1175,Placebo,75,M,12,0,1,Study Completion Date,Time to First Dermatologic Event,TTDE
01-703-1182,Xanomeline Low Dose,84,M,15,1,0,Dematologic Event Occured,Time to First Dermatologic Event,TTDE
01-703-1197,Xanomeline Low Dose,76,F,37,0,1,Study Completion Date,Time to First Dermatologic Event,TTDE
01-703-1210,Placebo,72,F,175,0,1,Study Completion Date,Time to First Dermatologic Event,TTDE
01-703-1258,Xanomeline High Dose,78,F,47,1,0,Dematologic Event Occured,Time to First Dermatologic Event,TTDE
01-703-1279,Xanomeline Low Dose,72,F,41,0,1,Study Completion Date,Time to First Dermatologic Event,TTDE
01-703-1295,Xanomeline High Dose,88,F,180,0,1,Study Completion Date,Time to First Dermatologic Event,TTDE
01-703-1299,Placebo,81,F,183,0,1,Study Completion Date,Time to First Dermatologic Event,TTDE
01-703-1335,Xanomeline High Dose,67,F,69,0,1,Study Completion Date,Time to First Dermatologic Event,TTDE
01-703-1379,Xanomeline Low Dose,81,F,181,0,1,Study Completion Date,Time to First Dermatologic Event,TTDE
01-703-1403,Xanomeline High Dose,67,M,8,0,1,Study Completion Date,Time to First Dermatologic Event,TTDE
01-703-1439,Xanomeline High Dose,76,F,44,1,0,Dematologic Event Occured,Time to First Dermatologic Event,TTDE
01-704-1008,Xanomeline High Dose,76,F,44,0,1,Study Completion Date,Time to First Dermatologic Event,TTDE
01-704-1009,Xanomeline Low Dose,83,M,19,1,0,Dematologic Event Occured,Time to First Dermatologic Event,TTDE
01-704-1010,Placebo,80,M,139,0,1,Study Completion Date,Time to First Dermatologic Event,TTDE
01-704-1017,Xanomeline High Dose,77,M,31,1,0,Dematologic Event Occured,Time to First Dermatologic Event,TTDE
01-704-1025,Xanomeline Low Dose,81,F,64,0,1,Study Completion Date,Time to First Dermatologic Event,TTDE
01-704-1065,Xanomeline High Dose,75,M,4,1,0,Dematologic Event Occured,Time to First Dermatologic Event,TTDE
01-704-1074,Xanomeline High Dose,80,F,1,1,0,Dematologic Event Occured,Time to First Dermatologic Event,TTDE
01-704-1093,Xanomeline High Dose,79,M,51,1,0,Dematologic Event Occured,Time to First Dermatologic Event,TTDE
01-704-1114,Xanomeline Low Dose,77,M,30,1,0,Dematologic Event Occured,Time to First Dermatologic Event,TTDE
01-704-1120,Xanomeline Low Dose,71,F,22,1,0,Dematologic Event Occured,Time to First Dermatologic Event,TTDE
01-704-1127,Placebo,84,F,181,0,1,Study Completion Date,Time to First Dermatologic Event,TTDE
01-704-1135,Xanomeline Low Dose,74,F,39,1,0,Dematologic Event Occured,Time to First Dermatologic Event,TTDE
01-704-1164,Placebo,67,F,198,0,1,Study Completion Date,Time to First Dermatologic Event,TTDE
01-704-1218,Xanomeline Low Dose,81,F,190,0,1,Study Completion Date,Time to First Dermatologic Event,TTDE
01-704-1233,Placebo,87,F,116,0,1,Study Completion Date,Time to First Dermatologic Event,TTDE
01-704-1241,Xanomeline High Dose,86,M,68,0,1,Study Completion Date,Time to First Dermatologic Event,TTDE
01-704-1260,Placebo,71,F,142,0,1,Study Completion Date,Time to First Dermatologic Event,TTDE
01-704-1266,Xanomeline High Dose,82,M,5,1,0,Dematologic Event Occured,Time to First Dermatologic Event,TTDE
01-704-1323,Xanomeline Low Dose,68,F,28,1,0,Dematologic Event Occured,Time to First Dermatologic Event,TTDE
01-704-1325,Xanomeline Low Dose,81,M,31,1,0,Dematologic Event Occured,Time to First Dermatologic Event,TTDE
01-704-1332,Xanomeline High Dose,80,M,2,1,0,Dematologic Event Occured,Time to First Dermatologic Event,TTDE
01-704-1351,Placebo,70,M,189,0,1,Study Completion Date,Time to First Dermatologic Event,TTDE
01-704-1388,Placebo,81,M,195,0,1,Study Completion Date,Time to First Dermatologic Event,TTDE
01-704-1435,Placebo,74,M,57,0,1,Study Completion Date,Time to First Dermatologic Event,TTDE
01-704-1445,Placebo,75,M,175,0,1,Study Completion Date,Time to First Dermatologic Event,TTDE
01-705-1018,Placebo,69,F,8,0,1,Study Completion Date,Time to First Dermatologic Event,TTDE
01-705-1031,Xanomeline Low Dose,56,F,29,1,0,Dematologic Event Occured,Time to First Dermatologic Event,TTDE
01-705-1059,Placebo,66,F,90,1,0,Dematologic Event Occured,Time to First Dermatologic Event,TTDE
01-705-1186,Placebo,84,F,31,0,1,Study Completion Date,Time to First Dermatologic Event,TTDE
01-705-1199,Xanomeline Low Dose,87,M,14,0,1,Study Completion Date,Time to First Dermatologic Event,TTDE
01-705-1280,Xanomeline High Dose,56,F,94,1,0,Dematologic Event Occured,Time to First Dermatologic Event,TTDE
01-705-1281,Xanomeline High Dose,73,F,64,1,0,Dematologic Event Occured,Time to First Dermatologic Event,TTDE
01-705-1282,Placebo,70,F,181,0,1,Study Completion Date,Time to First Dermatologic Event,TTDE
01-705-1292,Xanomeline Low Dose,60,F,15,1,0,Dematologic Event Occured,Time to First Dermatologic Event,TTDE
01-705-1303,Xanomeline High Dose,72,M,52,1,0,Dematologic Event Occured,Time to First Dermatologic Event,TTDE
01-705-1310,Xanomeline High Dose,74,F,13,1,0,Dematologic Event Occured,Time to First Dermatologic Event,TTDE
01-705-1349,Placebo,86,F,183,0,1,Study Completion Date,Time to First Dermatologic Event,TTDE
01-705-1377,Xanomeline High Dose,63,F,63,0,1,Study Completion Date,Time to First Dermatologic Event,TTDE
01-705-1382,Xanomeline High Dose,82,M,1,0,1,Study Completion Date,Time to First Dermatologic Event,TTDE
01-705-1393,Xanomeline Low Dose,84,F,167,0,1,Study Completion Date,Time to First Dermatologic Event,TTDE
01-705-1431,Xanomeline Low Dose,68,F,180,0,1,Study Completion Date,Time to First Dermatologic Event,TTDE
01-706-1041,Placebo,64,F,64,1,0,Dematologic Event Occured,Time to First Dermatologic Event,TTDE
01-706-1049,Xanomeline High Dose,60,F,43,0,1,Study Completion Date,Time to First Dermatologic Event,TTDE
01-706-1384,Xanomeline Low Dose,74,F,1,1,0,Dematologic Event Occured,Time to First Dermatologic Event,TTDE
01-707-1037,Xanomeline Low Dose,72,F,20,0,1,Study Completion Date,Time to First Dermatologic Event,TTDE
01-707-1206,Placebo,65,M,182,0,1,Study Completion Date,Time to First Dermatologic Event,TTDE
01-708-1019,Xanomeline Low Dose,68,M,35,0,1,Study Completion Date,Time to First Dermatologic Event,TTDE
01-708-1032,Xanomeline Low Dose,62,M,18,1,0,Dematologic Event Occured,Time to First Dermatologic Event,TTDE
01-708-1084,Xanomeline Low Dose,73,F,187,0,1,Study Completion Date,Time to First Dermatologic Event,TTDE
01-708-1087,Placebo,74,F,189,0,1,Study Completion Date,Time to First Dermatologic Event,TTDE
01-708-1158,Placebo,81,F,43,1,0,Dematologic Event Occured,Time to First Dermatologic Event,TTDE
01-708-1171,Placebo,77,F,181,0,1,Study Completion Date,Time to First Dermatologic Event,TTDE
01-708-1178,Xanomeline High Dose,77,F,71,1,0,Dematologic Event Occured,Time to First Dermatologic Event,TTDE
01-708-1213,Xanomeline High Dose,76,F,18,0,1,Study Completion Date,Time to First Dermatologic Event,TTDE
01-708-1216,Xanomeline High Dose,78,M,14,1,0,Dematologic Event Occured,Time to First Dermatologic Event,TTDE
01-708-1236,Xanomeline High Dose,86,F,6,0,1,Study Completion Date,Time to First Dermatologic Event,TTDE
01-708-1253,Placebo,61,M,183,0,1,Study Completion Date,Time to First Dermatologic Event,TTDE
01-708-1272,Xanomeline Low Dose,82,M,22,1,0,Dematologic Event Occured,Time to First Dermatologic Event,TTDE
01-708-1286,Placebo,80,F,3,1,0,Dematologic Event Occured,Time to First Dermatologic Event,TTDE
01-708-1296,Placebo,57,M,83,1,0,Dematologic Event Occured,Time to First Dermatologic Event,TTDE
01-708-1297,Xanomeline Low Dose,61,M,68,1,0,Dematologic Event Occured,Time to First Dermatologic Event,TTDE
01-708-1316,Placebo,74,F,177,1,0,Dematologic Event Occured,Time to First Dermatologic Event,TTDE
01-708-1336,Xanomeline High Dose,73,M,37,1,0,Dematologic Event Occured,Time to First Dermatologic Event,TTDE
01-708-1342,Placebo,59,F,182,0,1,Study Completion Date,Time to First Dermatologic Event,TTDE
01-708-1347,Xanomeline High Dose,61,F,55,1,0,Dematologic Event Occured,Time to First Dermatologic Event,TTDE
01-708-1348,Xanomeline Low Dose,79,F,119,1,0,Dematologic Event Occured,Time to First Dermatologic Event,TTDE
01-708-1353,Xanomeline Low Dose,87,F,69,0,1,Study Completion Date,Time to First Dermatologic Event,TTDE
01-708-1372,Xanomeline High Dose,84,M,29,0,1,Study Completion Date,Time to First Dermatologic Event,TTDE
01-708-1378,Placebo,67,M,148,0,1,Study Completion Date,Time to First Dermatologic Event,TTDE
01-708-1406,Xanomeline High Dose,71,F,189,0,1,Study Completion Date,Time to First Dermatologic Event,TTDE
01-708-1428,Xanomeline Low Dose,84,F,32,1,0,Dematologic Event Occured,Time to First Dermatologic Event,TTDE
01-709-1001,Placebo,76,F,183,0,1,Study Completion Date,Time to First Dermatologic Event,TTDE
01-709-1007,Xanomeline Low Dose,54,F,17,1,0,Dematologic Event Occured,Time to First Dermatologic Event,TTDE
01-709-1020,Xanomeline Low Dose,72,F,27,1,0,Dematologic Event Occured,Time to First Dermatologic Event,TTDE
01-709-1029,Xanomeline High Dose,82,M,24,1,0,Dematologic Event Occured,Time to First Dermatologic Event,TTDE
01-709-1081,Xanomeline Low Dose,86,F,80,1,0,Dematologic Event Occured,Time to First Dermatologic Event,TTDE
01-709-1088,Placebo,69,M,27,1,0,Dematologic Event Occured,Time to First Dermatologic Event,TTDE
01-709-1099,Xanomeline High Dose,79,F,19,1,0,Dematologic Event Occured,Time to First Dermatologic Event,TTDE
01-709-1102,Xanomeline Low Dose,71,F,28,1,0,Dematologic Event Occured,Time to First Dermatologic Event,TTDE
01-709-1168,Xanomeline High Dose,72,F,16,1,0,Dematologic Event Occured,Time to First Dermatologic Event,TTDE
01-709-1217,Xanomeline Low Dose,77,M,23,1,0,Dematologic Event Occured,Time to First Dermatologic Event,TTDE
01-709-1238,Xanomeline High Dose,69,M,16,1,0,Dematologic Event Occured,Time to First Dermatologic Event,TTDE
01-709-1259,Placebo,82,M,139,0,1,Study Completion Date,Time to First Dermatologic Event,TTDE
01-709-1285,Xanomeline Low Dose,87,M,27,1,0,Dematologic Event Occured,Time to First Dermatologic Event,TTDE
01-709-1301,Placebo,62,F,183,0,1,Study Completion Date,Time to First Dermatologic Event,TTDE
01-709-1306,Placebo,60,F,77,1,0,Dematologic Event Occured,Time to First Dermatologic Event,TTDE
01-709-1309,Xanomeline High Dose,65,M,2,1,0,Dematologic Event Occured,Time to First Dermatologic Event,TTDE
01-709-1312,Placebo,68,F,28,1,0,Dematologic Event Occured,Time to First Dermatologic Event,TTDE
01-709-1326,Xanomeline Low Dose,75,F,27,1,0,Dematologic Event Occured,Time to First Dermatologic Event,TTDE
01-709-1329,Xanomeline High Dose,70,M,15,0,1,Study Completion Date,Time to First Dermatologic Event,TTDE
01-709-1339,Placebo,81,M,184,0,1,Study Completion Date,Time to First Dermatologic Event,TTDE
01-709-1424,Xanomeline High Dose,77,M,6,0,1,Study Completion Date,Time to First Dermatologic Event,TTDE
01-710-1002,Xanomeline Low Dose,88,M,5,0,1,Study Completion Date,Time to First Dermatologic Event,TTDE
01-710-1006,Xanomeline High Dose,77,M,20,1,0,Dematologic Event Occured,Time to First Dermatologic Event,TTDE
01-710-1021,Xanomeline High Dose,79,M,25,1,0,Dematologic Event Occured,Time to First Dermatologic Event,TTDE
01-710-1027,Placebo,83,M,183,0,1,Study Completion Date,Time to First Dermatologic Event,TTDE
01-710-1045,Xanomeline Low Dose,83,F,30,1,0,Dematologic Event Occured,Time to First Dermatologic Event,TTDE
01-710-1053,Xanomeline Low Dose,84,F,34,1,0,Dematologic Event Occured,Time to First Dermatologic Event,TTDE
01-710-1060,Placebo,82,M,21,1,0,Dematologic Event Occured,Time to First Dermatologic Event,TTDE
01-710-1070,Xanomeline High Dose,85,F,96,1,0,Dematologic Event Occured,Time to First Dermatologic Event,TTDE
01-710-1077,Placebo,76,F,26,1,0,Dematologic Event Occured,Time to First Dermatologic Event,TTDE
01-710-1078,Placebo,81,F,188,0,1,Study Completion Date,Time to First Dermatologic Event,TTDE
01-710-1083,Placebo,89,F,13,0,1,Study Completion Date,Time to First Dermatologic Event,TTDE
01-710-1137,Xanomeline High Dose,79,F,3,1,0,Dematologic Event Occured,Time to First Dermatologic Event,TTDE
01-710-1142,Xanomeline High Dose,76,F,22,0,1,Study Completion Date,Time to First Dermatologic Event,TTDE
01-710-1154,Xanomeline Low Dose,84,M,21,1,0,Dematologic Event Occured,Time to First Dermatologic Event,TTDE
01-710-1166,Xanomeline Low Dose,81,F,121,0,1,Study Completion Date,Time to First Dermatologic Event,TTDE
01-710-1183,Placebo,80,F,183,0,1,Study Completion Date,Time to First Dermatologic Event,TTDE
01-710-1187,Xanomeline High Dose,78,F,44,1,0,Dematologic Event Occured,Time to First Dermatologic Event,TTDE
01-710-1235,Xanomeline Low Dose,56,F,126,1,0,Dematologic Event Occured,Time to First Dermatologic Event,TTDE
01-710-1249,Xanomeline High Dose,79,M,46,1,0,Dematologic Event Occured,Time to First Dermatologic Event,TTDE
01-710-1264,Placebo,78,M,70,1,0,Dematologic Event Occured,Time to First Dermatologic Event,TTDE
01-710-1270,Xanomeline Low Dose,83,F,12,1,0,Dematologic Event Occured,Time to First Dermatologic Event,TTDE
01-710-1271,Placebo,86,F,67,0,1,Study Completion Date,Time to First Dermatologic Event,TTDE
01-710-1278,Xanomeline High Dose,81,M,46,1,0,Dematologic Event Occured,Time to First Dermatologic Event,TTDE
01-710-1300,Xanomeline Low Dose,78,F,48,1,0,Dematologic Event Occured,Time to First Dermatologic Event,TTDE
01-710-1314,Placebo,78,F,32,0,1,Study Completion Date,Time to First Dermatologic Event,TTDE
01-710-1315,Placebo,83,F,77,1,0,Dematologic Event Occured,Time to First Dermatologic Event,TTDE
01-710-1354,Xanomeline High Dose,73,M,50,1,0,Dematologic Event Occured,Time to First Dermatologic Event,TTDE
01-710-1358,Xanomeline Low Dose,82,M,97,1,0,Dematologic Event Occured,Time to First Dermatologic Event,TTDE
01-710-1368,Placebo,88,F,184,0,1,Study Completion Date,Time to First Dermatologic Event,TTDE
01-710-1385,Xanomeline Low Dose,77,M,51,1,0,Dematologic Event Occured,Time to First Dermatologic Event,TTDE
01-710-1408,Xanomeline High Dose,80,M,51,1,0,Dematologic Event Occured,Time to First Dermatologic Event,TTDE
01-711-1012,Xanomeline High Dose,67,F,14,1,0,Dematologic Event Occured,Time to First Dermatologic Event,TTDE
01-711-1036,Placebo,70,M,197,0,1,Study Completion Date,Time to First Dermatologic Event,TTDE
01-711-1143,Xanomeline Low Dose,76,F,46,1,0,Dematologic Event Occured,Time to First Dermatologic Event,TTDE
01-711-1433,Xanomeline High Dose,84,F,11,0,1,Study Completion Date,Time to First Dermatologic Event,TTDE
01-713-1043,Xanomeline Low Dose,78,F,12,1,0,Dematologic Event Occured,Time to First Dermatologic Event,TTDE
01-713-1073,Xanomeline Low Dose,74,F,107,1,0,Dematologic Event Occured,Time to First Dermatologic Event,TTDE
01-713-1106,Xanomeline High Dose,74,M,188,0,1,Study Completion Date,Time to First Dermatologic Event,TTDE
01-713-1141,Xanomeline High Dose,79,M,22,1,0,Dematologic Event Occured,Time to First Dermatologic Event,TTDE
01-713-1179,Placebo,64,F,181,0,1,Study Completion Date,Time to First Dermatologic Event,TTDE
01-713-1209,Xanomeline High Dose,77,F,7,1,0,Dematologic Event Occured,Time to First Dermatologic Event,TTDE
01-713-1256,Placebo,71,M,42,1,0,Dematologic Event Occured,Time to First Dermatologic Event,TTDE
01-713-1269,Placebo,73,M,7,1,0,Dematologic Event Occured,Time to First Dermatologic Event,TTDE
01-713-1448,Xanomeline Low Dose,71,F,60,1,0,Dematologic Event Occured,Time to First Dermatologic Event,TTDE
01-714-1035,Placebo,88,F,183,0,1,Study Completion Date,Time to First Dermatologic Event,TTDE
01-714-1068,Xanomeline Low Dose,79,F,5,1,0,Dematologic Event Occured,Time to First Dermatologic Event,TTDE
01-714-1195,Xanomeline Low Dose,75,M,18,1,0,Dematologic Event Occured,Time to First Dermatologic Event,TTDE
01-714-1288,Xanomeline High Dose,77,M,39,1,0,Dematologic Event Occured,Time to First Dermatologic Event,TTDE
01-714-1375,Placebo,78,F,33,1,0,Dematologic Event Occured,Time to First Dermatologic Event,TTDE
01-714-1425,Xanomeline High Dose,81,M,8,0,1,Study Completion Date,Time to First Dermatologic Event,TTDE
01-715-1085,Xanomeline Low Dose,77,F,184,0,1,Study Completion Date,Time to First Dermatologic Event,TTDE
01-715-1107,Xanomeline Low Dose,65,M,71,1,0,Dematologic Event Occured,Time to First Dermatologic Event,TTDE
01-715-1155,Placebo,59,F,135,0,1,Study Completion Date,Time to First Dermatologic Event,TTDE
01-715-1207,Placebo,78,F,196,0,1,Study Completion Date,Time to First Dermatologic Event,TTDE
01-715-1319,Xanomeline High Dose,65,M,30,0,1,Study Completion Date,Time to First Dermatologic Event,TTDE
01-715-1321,Xanomeline High Dose,75,F,70,1,0,Dematologic Event Occured,Time to First Dermatologic Event,TTDE
01-715-1397,Placebo,76,F,184,0,1,Study Completion Date,Time to First Dermatologic Event,TTDE
01-715-1405,Xanomeline Low Dose,69,M,8,0,1,Study Completion Date,Time to First Dermatologic Event,TTDE
01-716-1024,Placebo,87,F,196,0,1,Study Completion Date,Time to First Dermatologic Event,TTDE
01-716-1026,Placebo,73,F,16,1,0,Dematologic Event Occured,Time to First Dermatologic Event,TTDE
01-716-1030,Xanomeline High Dose,83,F,14,0,1,Study Completion Date,Time to First Dermatologic Event,TTDE
01-716-1044,Placebo,74,M,191,0,1,Study Completion Date,Time to First Dermatologic Event,TTDE
01-716-1063,Xanomeline Low Dose,80,M,57,1,0,Dematologic Event Occured,Time to First Dermatologic Event,TTDE
01-716-1071,Xanomeline High Dose,78,F,55,0,1,Study Completion Date,Time to First Dermatologic Event,TTDE
01-716-1094,Xanomeline Low Dose,82,M,39,0,1,Study Completion Date,Time to First Dermatologic Event,TTDE
01-716-1103,Xanomeline Low Dose,79,M,112,1,0,Dematologic Event Occured,Time to First Dermatologic Event,TTDE
01-716-1108,Placebo,86,F,79,1,0,Dematologic Event Occured,Time to First Dermatologic Event,TTDE
01-716-1151,Xanomeline Low Dose,83,F,43,1,0,Dematologic Event Occured,Time to First Dermatologic Event,TTDE
01-716-1157,Xanomeline Low Dose,85,M,24,1,0,Dematologic Event Occured,Time to First Dermatologic Event,TTDE
01-716-1160,Placebo,83,F,35,1,0,Dematologic Event Occured,Time to First Dermatologic Event,TTDE
01-716-1167,Xanomeline Low Dose,68,M,41,1,0,Dematologic Event Occured,Time to First Dermatologic Event,TTDE
01-716-1177,Placebo,72,M,185,0,1,Study Completion Date,Time to First Dermatologic Event,TTDE
01-716-1189,Xanomeline High Dose,81,M,89,1,0,Dematologic Event Occured,Time to First Dermatologic Event,TTDE
01-716-1229,Xanomeline High Dose,73,F,1,1,0,Dematologic Event Occured,Time to First Dermatologic Event,TTDE
01-716-1298,Xanomeline Low Dose,76,F,15,1,0,Dematologic Event Occured,Time to First Dermatologic Event,TTDE
01-716-1308,Placebo,76,F,24,1,0,Dematologic Event Occured,Time to First Dermatologic Event,TTDE
01-716-1311,Xanomeline Low Dose,78,M,15,1,0,Dematologic Event Occured,Time to First Dermatologic Event,TTDE
01-716-1364,Xanomeline High Dose,84,F,46,1,0,Dematologic Event Occured,Time to First Dermatologic Event,TTDE
01-716-1373,Xanomeline High Dose,74,M,2,1,0,Dematologic Event Occured,Time to First Dermatologic Event,TTDE
01-716-1418,Xanomeline High Dose,80,F,1,1,0,Dematologic Event Occured,Time to First Dermatologic Event,TTDE
01-716-1441,Placebo,85,M,110,1,0,Dematologic Event Occured,Time to First Dermatologic Event,TTDE
01-716-1447,Xanomeline High Dose,72,F,30,1,0,Dematologic Event Occured,Time to First Dermatologic Event,TTDE
01-717-1004,Xanomeline Low Dose,80,F,2,1,0,Dematologic Event Occured,Time to First Dermatologic Event,TTDE
01-717-1109,Xanomeline High Dose,84,M,20,1,0,Dematologic Event Occured,Time to First Dermatologic Event,TTDE
01-717-1174,Xanomeline High Dose,73,M,5,1,0,Dematologic Event Occured,Time to First Dermatologic Event,TTDE
01-717-1201,Placebo,85,F,1,1,0,Dematologic Event Occured,Time to First Dermatologic Event,TTDE
01-717-1344,Placebo,64,F,63,0,1,Study Completion Date,Time to First Dermatologic Event,TTDE
01-717-1357,Xanomeline High Dose,77,M,23,1,0,Dematologic Event Occured,Time to First Dermatologic Event,TTDE
01-717-1446,Xanomeline Low Dose,75,F,19,1,0,Dematologic Event Occured,Time to First Dermatologic Event,TTDE
01-718-1066,Xanomeline Low Dose,79,F,24,0,1,Study Completion Date,Time to First Dermatologic Event,TTDE
01-718-1079,Xanomeline Low Dose,67,F,17,1,0,Dematologic Event Occured,Time to First Dermatologic Event,TTDE
01-718-1101,Xanomeline High Dose,82,M,167,0,1,Study Completion Date,Time to First Dermatologic Event,TTDE
01-718-1139,Placebo,77,M,183,0,1,Study Completion Date,Time to First Dermatologic Event,TTDE
01-718-1150,Placebo,73,F,56,1,0,Dematologic Event Occured,Time to First Dermatologic Event,TTDE
01-718-1170,Xanomeline Low Dose,80,F,49,0,1,Study Completion Date,Time to First Dermatologic Event,TTDE
01-718-1172,Placebo,74,M,70,0,1,Study Completion Date,Time to First Dermatologic Event,TTDE
01-718-1250,Xanomeline Low Dose,82,F,100,1,0,Dematologic Event Occured,Time to First Dermatologic Event,TTDE
01-718-1254,Xanomeline Low Dose,78,M,35,1,0,Dematologic Event Occured,Time to First Dermatologic Event,TTDE
01-718-1328,Xanomeline High Dose,86,M,51,1,0,Dematologic Event Occured,Time to First Dermatologic Event,TTDE
01-718-1355,Placebo,79,M,9,1,0,Dematologic Event Occured,Time to First Dermatologic Event,TTDE
01-718-1371,Xanomeline High Dose,69,F,29,1,0,Dematologic Event Occured,Time to First Dermatologic Event,TTDE
01-718-1427,Xanomeline High Dose,74,F,42,1,0,Dematologic Event Occured,Time to First Dermatologic Event,TTDE
